action_noise,actuator_error_mean,any_goal,barrier_contact_disagreement_rate,barrier_false_negative_rate,barrier_false_positive_rate,barrier_violation_rate,calibration_valid_rate,cap_attempt_rate,cap_attempted_steps,capped_valid_hard_exceedance_count,capped_valid_hard_exceedance_rate,capped_valid_soft_loss,capped_valid_soft_loss_sum,capped_valid_steps,certified_fraction,cost,cost_event_rate,cost_rate,direct_contact_event_rate,episode,exceedance_rate,filter_P_bad_operational,filter_P_cross,filter_P_out,filter_Z_rate_operational,filter_anti_windup_backcalc_mean,filter_audit_support_fraction,filter_bad_operation_rate,filter_calibration_valid_rate,filter_cap_attempt_rate,filter_capped_valid_rate,filter_capping_rate,filter_certified_fraction,filter_certified_fraction_valid,filter_coverage_error_abs,filter_coverage_error_signed,filter_coverage_gap,filter_coverage_gap_certified,filter_deployment_failure_rate,filter_direct_enforcement_rate,filter_eta_mean,filter_exceedance_certified,filter_exceedance_rate,filter_exceedance_rate_all_steps_diagnostic,filter_executed_infeasible_rate,filter_fallback_rate,filter_headroom_search_rate,filter_history_rebase_rate,filter_infeasible_rate,filter_intervention_mean,filter_invalid_rate,filter_operational_unsupported_rate,filter_q_at_max_rate,filter_q_at_zero_rate,filter_q_final,filter_q_mean,filter_requested_exceedance_rate_all_steps,filter_requested_probe_displacement_mean,filter_restoration_rate,filter_restoration_slack_mean,filter_steps,filter_strict_projection_infeasible_rate,filter_supported_exceedance_rate,filter_valid_exceedance_rate,filter_violation_rate,filter_zeta_bar,geometric_violation_rate,goals,goals_per_1000_steps,infeasible_rate,intervention_mean,intervention_rate,invalid_rate,invalid_steps,length,margin_capped_rate,method,operational_support_rate,operational_support_steps,q_final,requested_exceedance_rate_all_steps,return,safe_utility,seed,strict_valid_hard_exceedance_count,strict_valid_hard_exceedance_rate,strict_valid_soft_loss,strict_valid_soft_loss_sum,strict_valid_steps,terminated,total_cost_hazards,total_cost_sum,total_cost_vases_contact,total_cost_vases_velocity,truncated,valid_hard_exceedance_count,valid_hard_exceedance_rate,valid_soft_loss,valid_soft_loss_minus_epsilon,valid_soft_loss_sum,valid_steps,zero_cost
0.0,0.0,1.0,0.1,0.035,0.065,0.188,0.822,0.07,70,26,0.37142857142857144,0.39460724636441624,27.622507245509137,70,0.144,266.0,0.266,0.266,0.116,0,0.1070559610705596,0.856,0.002,0.856,0.868,4.2091974020517715e-06,0.144,0.856,0.822,0.07,0.07,0.07,0.144,0.17518248175182483,0.007055961070559599,0.007055961070559599,0.007055961070559599,0.0,0.868,0.752,0.0010000000000000005,0.08333333333333333,0.1070559610705596,0.07,0.178,0.0,0.248,0.0,0.178,0.40643399242566786,0.178,0.856,0.0,0.0,0.031516029240081664,0.017241223545806646,0.07,9.579244840700266e-05,0.178,0.010092001098047847,1000.0,0.248,0.08333333333333333,0.1070559610705596,0.188,1.3832490750464353e-05,0.146,6,6.0,0.178,0.406433992425668,0.265,0.17800000000000005,178,1000,0.07,ecocsf,0.144,144,0.031516029240081664,0.07,18.382523419734568,-247.61747658026542,40042,62,0.08244680851063829,0.09747702047423377,73.3027193966238,752,False,56.0,266.0,68.0,238.0,True,88,0.1070559610705596,0.1227800810731544,0.022780081073154393,100.92522664213291,822,0.0
0.0,0.0,1.0,0.125,0.004,0.121,0.258,0.54,0.069,69,10,0.14492753623188406,0.1570499396411444,10.836445835238962,69,0.042,56.0,0.056,0.056,0.011,1,0.08703703703703704,0.958,0.0,0.958,0.962,5.111456015359206e-06,0.042,0.958,0.54,0.069,0.069,0.069,0.042,0.07777777777777778,0.012962962962962968,-0.012962962962962968,0.0,0.0,0.962,0.471,0.0010000000000000005,0.09523809523809523,0.08703703703703704,0.039,0.46,0.0,0.529,0.0,0.46,0.7411289873470424,0.46,0.958,0.0,0.0,0.017451374297097567,0.019555851210971177,0.039,0.00010100082949815817,0.46,0.011324074198943676,1000.0,0.529,0.09523809523809523,0.08703703703703704,0.258,4.743851512806378e-06,0.128,4,4.0,0.46,0.7411289873470416,0.455,0.45999999999999996,460,1000,0.069,ecocsf,0.042,42,0.017451374297097567,0.039,10.123610706186048,-45.87638929381395,40043,37,0.07855626326963906,0.10345304559918782,48.726384477217465,471,False,0.0,56.0,11.0,56.0,True,47,0.08703703703703704,0.11030153761566007,0.010301537615660064,59.562830312456434,540,0.0
0.0,0.0,1.0,0.058,0.02,0.038,0.224,0.518,0.189,189,25,0.13227513227513227,0.2083046349806648,39.36957601134564,189,0.11,203.0,0.203,0.203,0.045,2,0.09266409266409266,0.89,0.027,0.89,0.902,1.900565691772643e-05,0.11,0.89,0.518,0.189,0.189,0.189,0.11,0.21235521235521235,0.007335907335907346,-0.007335907335907346,0.0,0.00909090909090908,0.902,0.329,0.0010000000000000005,0.10909090909090909,0.09266409266409266,0.025,0.482,0.0,0.671,0.0,0.482,0.9670194913778571,0.482,0.89,0.0,0.0,0.013306213612863929,0.01716659994227043,0.025,0.00010703058298463485,0.482,0.01260832064862138,1000.0,0.671,0.10909090909090909,0.09266409266409266,0.224,8.709936906011634e-06,0.063,1,1.0,0.482,0.9670194913778574,0.685,0.482,482,1000,0.189,ecocsf,0.11,110,0.013306213612863929,0.025,5.116909819843978,-197.88309018015602,40044,23,0.06990881458966565,0.08432308364511992,27.742294519244453,329,False,20.0,203.0,25.0,181.0,True,48,0.09266409266409266,0.12955959561889982,0.029559595618899814,67.11187053059011,518,0.0
0.0,0.0,1.0,0.058,0.009,0.049,0.234,0.734,0.039,39,8,0.20512820512820512,0.23333405949943198,9.100028320477847,39,0.053,112.0,0.112,0.112,0.071,3,0.10490463215258855,0.947,0.003,0.947,0.955,4.145823737677553e-06,0.053,0.947,0.734,0.039,0.039,0.039,0.053,0.07220708446866485,0.004904632152588545,0.004904632152588545,0.004904632152588545,0.05094339622641508,0.955,0.695,0.0010000000000000005,0.1509433962264151,0.10490463215258855,0.085,0.266,0.0,0.305,0.0,0.266,0.5269633127803652,0.266,0.947,0.0,0.0,0.02318825047309231,0.022455505077862058,0.085,0.00010294881034660796,0.266,0.014430005642321898,1000.0,0.305,0.1509433962264151,0.10490463215258855,0.234,5.587127834738224e-06,0.111,7,7.0,0.266,0.5269633127803652,0.306,0.266,266,1000,0.039,ecocsf,0.053,53,0.02318825047309231,0.085,16.656272377415466,-95.34372762258454,40045,69,0.09928057553956834,0.10738711638890866,74.63404589029152,695,False,45.0,112.0,26.0,66.0,True,77,0.10490463215258855,0.11407912017815991,0.014079120178159904,83.73407421076938,734,0.0
0.0,0.0,1.0,0.089,0.01,0.079,0.152,0.868,0.077,77,33,0.42857142857142855,0.43912774919658787,33.81283668813727,77,0.336,162.0,0.162,0.162,0.046,4,0.08064516129032258,0.664,0.019,0.664,0.673,3.5681482714526646e-06,0.336,0.664,0.868,0.077,0.077,0.077,0.336,0.3870967741935484,0.019354838709677427,-0.019354838709677427,0.0,0.0,0.673,0.791,0.0010000000000000005,0.026785714285714284,0.08064516129032258,0.041,0.132,0.0,0.209,0.0,0.132,0.3346546521946584,0.132,0.664,0.0,0.0,0.014196764507725675,0.016475857648019874,0.041,0.00010348388946651162,0.132,0.004508513342062375,1000.0,0.209,0.026785714285714284,0.08064516129032258,0.152,3.2785937475001245e-05,0.115,9,9.0,0.132,0.3346546521946581,0.207,0.132,132,1000,0.077,ecocsf,0.336,336,0.014196764507725675,0.041,20.507257991945107,-141.4927420080549,40046,37,0.04677623261694058,0.06795458418589204,53.7520760910406,791,False,13.0,162.0,33.0,149.0,True,70,0.08064516129032258,0.10088123592071183,0.0008812359207118203,87.56491277917786,868,0.0
0.0,0.0,0.0,0.019,0.0,0.019,0.182,0.11,0.06,60,23,0.38333333333333336,0.4259590272856165,25.557541637136993,60,0.0,7.0,0.007,0.007,0.007,5,0.3,1.0,0.0,1.0,1.0,5.464293863597524e-06,0.0,1.0,0.11,0.06,0.06,0.06,0.0,0.0,0.19999999999999998,0.19999999999999998,0.19999999999999998,,1.0,0.05,0.0010000000000000005,,0.3,0.011,0.89,0.0,0.95,0.0,0.89,0.9984553132868339,0.89,1.0,0.0,0.0,0.036590803882687886,0.027627049360878994,0.011,0.00010103839017894744,0.89,0.022174659696602147,1000.0,0.95,,0.3,0.182,0.0,0.026,0,0.0,0.89,0.9984553132868347,0.662,0.89,890,1000,0.06,ecocsf,0.0,0,0.036590803882687886,0.011,0.47795256575749134,-6.522047434242508,40047,10,0.2,0.20995112218296877,10.497556109148439,50,False,7.0,7.0,0.0,0.0,True,33,0.3,0.32777361587532217,0.22777361587532216,36.05509774628544,110,0.0
0.0,0.0,0.0,0.003,0.003,0.0,0.03,0.99,0.029,29,0,0.0,0.02890456707011225,0.8382324450332552,29,0.614,18.0,0.018,0.018,0.003,6,0.06464646464646465,0.386,0.044,0.386,0.438,3.2471934541290714e-07,0.614,0.386,0.99,0.029,0.029,0.029,0.614,0.6202020202020202,0.03535353535353536,-0.03535353535353536,0.0,0.0,0.438,0.961,0.0010000000000000005,0.08469055374592833,0.06464646464646465,0.065,0.01,0.0,0.039,0.0,0.01,0.9268256760173352,0.01,0.386,0.0,0.0,0.004429900091341851,0.0065174033347142925,0.065,0.00010069502090288882,0.01,7.281126662930204e-05,1000.0,0.039,0.08469055374592833,0.06464646464646465,0.03,6.593891061388591e-05,0.0,0,0.0,0.01,0.9268256760173337,0.936,0.010000000000000009,10,1000,0.029,ecocsf,0.614,614,0.004429900091341851,0.065,0.5973435305366004,-17.4026564694634,40048,64,0.06659729448491156,0.0894031082119891,85.91638699172152,961,False,0.0,18.0,3.0,15.0,True,64,0.06464646464646465,0.08763092872399472,-0.012369071276005283,86.75461943675478,990,0.0
0.0,0.0,1.0,0.04,0.0,0.04,0.115,0.856,0.048,48,13,0.2708333333333333,0.2793336023243947,13.408012911570946,48,0.109,43.0,0.043,0.043,0.043,7,0.07593457943925233,0.891,0.016,0.891,0.899,3.3613468023490323e-06,0.109,0.891,0.856,0.048,0.048,0.048,0.109,0.12733644859813084,0.024065420560747675,-0.024065420560747675,0.0,0.0,0.899,0.808,0.0010000000000000005,0.07339449541284404,0.07593457943925233,0.052,0.144,0.0,0.192,0.0,0.144,0.30833363979065953,0.144,0.891,0.0,0.0,0.012563370264510893,0.01894051242544343,0.052,9.256157249914062e-05,0.144,0.006944715169293486,1000.0,0.192,0.07339449541284404,0.07593457943925233,0.115,7.967561917337659e-06,0.083,10,10.0,0.144,0.3083336397906594,0.181,0.14400000000000002,144,1000,0.048,ecocsf,0.109,109,0.012563370264510893,0.052,20.205737797390363,-22.794262202609637,40049,52,0.06435643564356436,0.08801572296446586,71.11670415528842,808,False,43.0,43.0,0.0,0.0,True,65,0.07593457943925233,0.09874382834913475,-0.001256171650865251,84.52471706685935,856,0.0
0.0,0.0,1.0,0.071,0.01,0.061,0.173,0.807,0.096,96,30,0.3125,0.35358851489699944,33.944497430111944,96,0.106,150.0,0.15,0.15,0.048,8,0.09293680297397769,0.894,0.0,0.894,0.895,7.042087158326119e-06,0.106,0.894,0.807,0.096,0.096,0.096,0.106,0.13135068153655513,0.0070631970260223165,-0.0070631970260223165,0.0,0.0,0.895,0.711,0.0010000000000000005,0.009433962264150943,0.09293680297397769,0.058,0.193,0.0,0.289,0.0,0.193,0.3995323270012199,0.193,0.894,0.0,0.0,0.017882312877197288,0.022559152189503596,0.058,0.00010078197305621228,0.193,0.009859950300096813,1000.0,0.289,0.009433962264150943,0.09293680297397769,0.173,6.962733162607631e-06,0.099,8,8.0,0.193,0.3995323270012198,0.281,0.19299999999999995,193,1000,0.096,ecocsf,0.106,106,0.017882312877197288,0.058,21.04939801386616,-128.95060198613385,40050,45,0.06329113924050633,0.07690562954347532,54.67990260541096,711,False,22.0,150.0,26.0,127.0,True,75,0.09293680297397769,0.10981957873051164,0.009819578730511633,88.6244000355229,807,0.0
0.0,0.0,1.0,0.0,0.0,0.0,0.0,1.0,0.0,0,0,,,0.0,0,0.72,0.0,0.0,0.0,0.0,9,0.012,0.28,0.001,0.28,0.288,0.0,0.72,0.28,1.0,0.0,0.0,0.0,0.72,0.72,0.08800000000000001,-0.08800000000000001,0.0,0.0,0.288,1.0,0.0010000000000000005,0.011111111111111112,0.012,0.012,0.0,0.0,0.0,0.0,0.0,0.0,0.0,0.28,0.0,0.0,0.004096358276292388,0.005423559245672897,0.012,0.00010419809841529891,0.0,0.0,1000.0,0.0,0.011111111111111112,0.012,0.0,7.415219724129161e-05,0.0,1,1.0,0.0,0.0,0.0,0.0,0,1000,0.0,ecocsf,0.72,720,0.004096358276292388,0.012,1.9600822163197194,1.9600822163197194,40051,12,0.012,0.08709635827629249,87.09635827629249,1000,False,0.0,0.0,0.0,0.0,True,12,0.012,0.08709635827629249,-0.012903641723707518,87.09635827629249,1000,1.0
0.0,0.0,1.0,0.123,0.032,0.091,0.221,0.742,0.076,76,13,0.17105263157894737,0.19275196465435984,14.649149313731348,76,0.224,287.0,0.287,0.287,0.124,10,0.0646900269541779,0.776,0.0,0.776,0.789,3.968227106698542e-06,0.224,0.776,0.742,0.076,0.076,0.076,0.224,0.3018867924528302,0.035309973045822104,-0.035309973045822104,0.0,0.0,0.789,0.666,0.0010000000000000005,0.05803571428571429,0.0646900269541779,0.056,0.258,0.0,0.334,0.0,0.258,0.6126493967349266,0.258,0.776,0.0,0.0,0.010026651902164913,0.013602392501526062,0.056,9.875974313271125e-05,0.258,0.00901884678679412,1000.0,0.334,0.05803571428571429,0.0646900269541779,0.221,2.2763393505315608e-05,0.183,6,6.0,0.258,0.6126493967349261,0.336,0.258,258,1000,0.076,ecocsf,0.224,224,0.010026651902164913,0.056,13.503207063407457,-273.49679293659256,40052,35,0.052552552552552555,0.08490349804073834,56.54572969513173,666,False,71.0,287.0,57.0,252.0,True,48,0.0646900269541779,0.09594997171005806,-0.004050028289941943,71.19487900886308,742,0.0
0.0,0.0,1.0,0.003,0.0,0.003,0.02,0.98,0.002,2,0,0.0,0.0,0.0,2,0.118,8.0,0.008,0.008,0.008,11,0.09693877551020408,0.882,0.005,0.882,0.896,2.1952318292732312e-07,0.118,0.882,0.98,0.002,0.002,0.002,0.118,0.12040816326530612,0.0030612244897959273,-0.0030612244897959273,0.0,0.018644067796610167,0.896,0.978,0.0010000000000000005,0.11864406779661017,0.09693877551020408,0.095,0.02,0.0,0.022,0.0,0.02,0.04072524077408285,0.02,0.882,0.0,0.0,0.020633879208088603,0.0120686066875245,0.095,9.577090513715902e-05,0.02,0.0008600802526780893,1000.0,0.022,0.11864406779661017,0.09693877551020408,0.02,1.0963989443408262e-05,0.011,16,16.0,0.02,0.04072524077408284,0.023,0.020000000000000018,20,1000,0.002,ecocsf,0.118,118,0.020633879208088603,0.095,30.51705096860007,22.51705096860007,40053,95,0.09713701431492842,0.10414458322189728,101.85340239101554,978,False,8.0,8.0,0.0,0.0,True,95,0.09693877551020408,0.1039320432561383,0.003932043256138301,101.85340239101554,980,0.0
0.0,0.0,1.0,0.016,0.0,0.016,0.111,0.888,0.019,19,4,0.21052631578947367,0.264495521284054,5.025414904397026,19,0.177,41.0,0.041,0.041,0.041,12,0.0686936936936937,0.823,0.0,0.823,0.836,8.435394615086804e-07,0.177,0.823,0.888,0.019,0.019,0.019,0.177,0.19932432432432431,0.031306306306306306,-0.031306306306306306,0.0,0.0,0.836,0.869,0.0010000000000000005,0.07344632768361582,0.0686936936936937,0.081,0.112,0.0,0.131,0.0,0.112,0.24647762310875834,0.112,0.823,0.0,0.0,0.01230442279661892,0.013499479573730983,0.081,0.00010094499325038758,0.112,0.004840990996717294,1000.0,0.131,0.07344632768361582,0.0686936936936937,0.111,2.3216636991838507e-05,0.057,9,9.0,0.112,0.24647762310875834,0.14,0.11199999999999999,112,1000,0.019,ecocsf,0.177,177,0.01230442279661892,0.081,22.47887188052465,-18.52112811947535,40054,57,0.06559263521288838,0.09197071041856171,79.92254735373012,869,False,41.0,41.0,0.0,0.0,True,61,0.0686936936936937,0.0956621196600531,-0.004337880339946906,84.94796225812715,888,0.0
0.0,0.0,0.0,0.057,0.001,0.056,0.103,0.905,0.092,92,26,0.2826086956521739,0.3832247095192242,35.25667327576863,92,0.45,28.0,0.028,0.028,0.003,13,0.055248618784530384,0.55,0.114,0.55,0.567,1.8228305491360018e-06,0.45,0.55,0.905,0.092,0.092,0.092,0.45,0.4972375690607735,0.04475138121546962,-0.04475138121546962,0.0,0.0,0.567,0.813,0.0010000000000000005,0.03777777777777778,0.055248618784530384,0.035,0.095,0.0,0.187,0.0,0.095,1.0046668555865819,0.095,0.55,0.0,0.0,0.0022564322819218605,0.00750869602903916,0.035,9.66331067426332e-05,0.095,0.0017925772560415643,1000.0,0.187,0.03777777777777778,0.055248618784530384,0.103,4.0412161094398426e-05,0.058,0,0.0,0.095,1.00466685558658,0.882,0.09499999999999997,95,1000,0.092,ecocsf,0.45,450,0.0022564322819218605,0.035,0.6502689380291171,-27.349731061970882,40055,24,0.02952029520295203,0.05205730572606296,42.322589555289184,813,False,0.0,28.0,3.0,27.0,True,50,0.055248618784530384,0.08572294235476002,-0.014277057645239982,77.57926283105782,905,0.0
0.0,0.0,1.0,0.023,0.0,0.023,0.113,0.897,0.024,24,8,0.3333333333333333,0.33732177423522214,8.095722581645331,24,0.21,71.0,0.071,0.071,0.043,14,0.09253065774804906,0.79,0.0,0.79,0.811,1.5196217834881872e-06,0.21,0.79,0.897,0.024,0.024,0.024,0.21,0.23411371237458195,0.00746934225195095,-0.00746934225195095,0.0,0.0,0.811,0.873,0.0010000000000000005,0.1,0.09253065774804906,0.081,0.103,0.0,0.127,0.0,0.103,0.1758832500159706,0.103,0.79,0.0,0.0,0.020820160402284776,0.017549754398827763,0.081,0.00010141269794540169,0.103,0.006958818833406326,1000.0,0.127,0.1,0.09253065774804906,0.113,1.756982587870576e-05,0.066,11,11.0,0.103,0.1758832500159706,0.125,0.10299999999999998,103,1000,0.024,ecocsf,0.21,210,0.020820160402284776,0.081,24.326513972076324,-46.67348602792367,40056,75,0.0859106529209622,0.09959227904252814,86.94405960412706,873,False,34.0,71.0,9.0,37.0,True,83,0.09253065774804906,0.10595293443229924,0.005952934432299231,95.03978218577241,897,0.0
0.0,0.0,1.0,0.048,0.015,0.033,0.182,0.782,0.062,62,11,0.1774193548387097,0.19299104348030655,11.965444695779006,62,0.133,143.0,0.143,0.143,0.069,15,0.09718670076726342,0.867,0.002,0.867,0.881,3.6311907085521565e-06,0.133,0.867,0.782,0.062,0.062,0.062,0.133,0.170076726342711,0.0028132992327365852,-0.0028132992327365852,0.0,0.005263157894736831,0.881,0.72,0.0010000000000000005,0.10526315789473684,0.09718670076726342,0.09,0.218,0.0,0.28,0.0,0.218,0.42755162473607355,0.218,0.867,0.0,0.0,0.021795262632401627,0.019743884530943553,0.09,0.0001014365212827263,0.218,0.01264460163869291,1000.0,0.28,0.10526315789473684,0.09718670076726342,0.182,1.2431763601103847e-05,0.087,6,6.0,0.218,0.42755162473607367,0.285,0.21799999999999997,218,1000,0.062,ecocsf,0.133,133,0.021795262632401627,0.09,18.244336976609638,-124.75566302339035,40057,65,0.09027777777777778,0.10369584534051982,74.66100864517426,720,False,51.0,143.0,18.0,92.0,True,76,0.09718670076726342,0.11077551578127015,0.010775515781270145,86.62645334095326,782,0.0
0.0,0.0,1.0,0.101,0.012,0.089,0.259,0.646,0.116,116,33,0.28448275862068967,0.2939923389126815,34.103111313871054,116,0.289,212.0,0.212,0.212,0.065,16,0.10526315789473684,0.711,0.003,0.711,0.726,9.38389728607868e-06,0.289,0.711,0.646,0.116,0.116,0.116,0.289,0.4473684210526316,0.005263157894736831,0.005263157894736831,0.005263157894736831,0.0,0.726,0.53,0.0010000000000000005,0.05190311418685121,0.10526315789473684,0.055,0.354,0.0,0.47,0.0,0.354,0.6815193076279982,0.354,0.711,0.0,0.0,0.021871765519245953,0.0267532323244006,0.055,9.644974512476859e-05,0.354,0.015259422986316287,1000.0,0.47,0.05190311418685121,0.10526315789473684,0.259,2.3699076701754548e-05,0.142,6,6.0,0.354,0.6815193076279982,0.414,0.354,354,1000,0.116,ecocsf,0.289,289,0.021871765519245953,0.055,14.293045921362477,-197.70695407863752,40058,35,0.0660377358490566,0.08443877639896884,44.75255149145348,530,False,38.0,212.0,27.0,174.0,True,68,0.10526315789473684,0.12206758948192649,0.022067589481926483,78.85566280532451,646,0.0
0.0,0.0,1.0,0.123,0.012,0.111,0.283,0.555,0.1,100,34,0.34,0.34,34.0,100,0.264,171.0,0.171,0.171,0.057,17,0.1063063063063063,0.736,0.001,0.736,0.755,9.103943652402882e-06,0.264,0.736,0.555,0.1,0.1,0.1,0.264,0.4756756756756757,0.006306306306306297,0.006306306306306297,0.006306306306306297,0.0,0.755,0.455,0.0010000000000000005,0.07196969696969698,0.1063063063063063,0.032,0.445,0.0,0.545,0.0,0.445,0.806675795192174,0.445,0.736,0.0,0.0,0.020150507577124843,0.030474735467033793,0.032,8.749498213491863e-05,0.445,0.021414964542736545,1000.0,0.545,0.07196969696969698,0.1063063063063063,0.283,2.0289333491640226e-05,0.156,3,3.0,0.445,0.8066757951921738,0.445,0.44499999999999995,445,1000,0.1,ecocsf,0.264,264,0.020150507577124843,0.032,8.334981604187314,-162.6650183958127,40059,25,0.054945054945054944,0.07418560709786326,33.75445122952778,455,False,26.0,171.0,31.0,145.0,True,59,0.1063063063063063,0.12208009230545547,0.022080092305455462,67.75445122952779,555,0.0
0.0,0.0,1.0,0.063,0.009,0.054,0.146,0.662,0.103,103,6,0.05825242718446602,0.12160934884641797,12.52576293118105,103,0.05,90.0,0.09,0.09,0.024,18,0.07099697885196375,0.95,0.009,0.95,0.96,1.1226973441977693e-05,0.05,0.95,0.662,0.103,0.103,0.103,0.05,0.0755287009063444,0.029003021148036254,-0.029003021148036254,0.0,0.1,0.96,0.559,0.0010000000000000005,0.2,0.07099697885196375,0.041,0.338,0.0,0.441,0.0,0.338,0.6076091794229382,0.338,0.95,0.0,0.0,0.01634343048243676,0.01931131151404491,0.041,0.00010163624303544335,0.338,0.008802567509944818,1000.0,0.441,0.2,0.07099697885196375,0.146,5.6852390594404365e-06,0.069,6,6.0,0.338,0.6076091794229377,0.45,0.33799999999999997,338,1000,0.103,ecocsf,0.05,50,0.01634343048243676,0.041,12.34564376637215,-77.65435623362785,40060,41,0.07334525939177101,0.11492780141902151,64.24464099323302,559,False,0.0,90.0,24.0,90.0,True,47,0.07099697885196375,0.11596737752932641,0.015967377529326407,76.77040392441408,662,0.0
0.0,0.0,1.0,0.065,0.034,0.031,0.115,0.802,0.089,89,24,0.2696629213483146,0.2846511156775226,25.33394929529951,89,0.161,128.0,0.128,0.128,0.047,19,0.09102244389027432,0.839,0.082,0.839,0.844,7.513424245298144e-06,0.161,0.839,0.802,0.089,0.089,0.089,0.161,0.20074812967581046,0.008977556109725685,-0.008977556109725685,0.0,0.0,0.844,0.713,0.0010000000000000005,0.031055900621118012,0.09102244389027432,0.05,0.198,0.0,0.287,0.0,0.198,0.5260635880793619,0.198,0.839,0.0,0.0,0.013802159409797532,0.01915894333221581,0.05,9.171786860108758e-05,0.198,0.006181212276032943,1000.0,0.287,0.031055900621118012,0.09102244389027432,0.115,1.4054394502005807e-05,0.044,7,7.0,0.198,0.526063588079362,0.361,0.19799999999999995,198,1000,0.089,ecocsf,0.161,161,0.013802159409797532,0.05,16.396185711131007,-111.60381428886899,40061,49,0.06872370266479663,0.08300369475427188,59.18163435979585,713,False,8.0,128.0,39.0,120.0,True,73,0.09102244389027432,0.10538102700136578,0.005381027001365779,84.51558365509536,802,0.0
0.0,0.0,0.0,0.013,0.004,0.009,0.075,0.912,0.017,17,4,0.23529411764705882,0.2390844459128958,4.064435580519229,17,0.649,62.0,0.062,0.062,0.034,20,0.044956140350877194,0.351,0.021,0.351,0.38,9.046579690656642e-07,0.649,0.351,0.912,0.017,0.017,0.017,0.649,0.7116228070175439,0.05504385964912281,-0.05504385964912281,0.0,0.0,0.38,0.895,0.0010000000000000005,0.04468412942989214,0.044956140350877194,0.047,0.088,0.0,0.105,0.0,0.088,1.1082249038728929,0.088,0.351,0.0,0.0,0.003974102779912159,0.006096155505463158,0.047,9.665901199696802e-05,0.088,0.0024590460328123807,1000.0,0.105,0.04468412942989214,0.044956140350877194,0.075,6.688989493907669e-05,0.039,0,0.0,0.088,1.1082249038728935,0.919,0.08799999999999997,88,1000,0.017,ecocsf,0.649,649,0.003974102779912159,0.047,0.9904034332999052,-61.0095965667001,40062,37,0.041340782122905026,0.08381488845637818,75.01432516845847,895,False,23.0,62.0,11.0,39.0,True,41,0.044956140350877194,0.08670916748791416,-0.013290832512085848,79.07876074897771,912,0.0
0.0,0.0,1.0,0.054,0.003,0.051,0.172,0.827,0.029,29,10,0.3448275862068966,0.3610883228058973,10.471561361371021,29,0.271,118.0,0.118,0.118,0.082,21,0.07859733978234583,0.729,0.006,0.729,0.752,1.5005703521249055e-06,0.271,0.729,0.827,0.029,0.029,0.029,0.271,0.32769044740024184,0.021402660217654176,-0.021402660217654176,0.0,0.0,0.752,0.798,0.0010000000000000005,0.08487084870848709,0.07859733978234583,0.071,0.173,0.0,0.202,0.0,0.173,0.3784691337872625,0.173,0.729,0.0,0.0,0.009228382420389336,0.011506401837337539,0.071,0.0001000569256343299,0.173,0.007459685336791967,1000.0,0.202,0.08487084870848709,0.07859733978234583,0.172,2.434408552456295e-05,0.13,10,10.0,0.173,0.37846913378726277,0.263,0.17300000000000004,173,1000,0.029,ecocsf,0.271,271,0.009228382420389336,0.071,22.155375237855868,-95.84462476214414,40063,55,0.06892230576441102,0.08265337269566782,65.95739141114292,798,False,70.0,118.0,12.0,48.0,True,65,0.07859733978234583,0.09241711338877139,-0.00758288661122862,76.42895277251394,827,0.0
0.0,0.0,1.0,0.025,0.015,0.01,0.095,0.906,0.052,52,15,0.28846153846153844,0.3054162288556054,15.881643900491481,52,0.253,83.0,0.083,0.083,0.018,22,0.07947019867549669,0.747,0.001,0.747,0.753,4.198612670419388e-06,0.253,0.747,0.906,0.052,0.052,0.052,0.253,0.2792494481236203,0.020529801324503313,-0.020529801324503313,0.0,0.0,0.753,0.854,0.0010000000000000005,0.023715415019762844,0.07947019867549669,0.06,0.094,0.0,0.146,0.0,0.094,0.44724567733741627,0.094,0.747,0.0,0.0,0.00482294067217409,0.019023064026221635,0.06,9.014074923601692e-05,0.094,0.00439912232575627,1000.0,0.146,0.023715415019762844,0.07947019867549669,0.095,2.50183774293495e-05,0.013,9,9.0,0.094,0.4472456773374165,0.359,0.09399999999999997,94,1000,0.052,ecocsf,0.253,253,0.00482294067217409,0.06,18.77540105233494,-64.22459894766506,40064,57,0.06674473067915691,0.07814977686428738,66.73990944210142,854,False,0.0,83.0,18.0,83.0,True,72,0.07947019867549669,0.09119376748630563,-0.008806232513694376,82.6215533425929,906,0.0
0.0,0.0,1.0,0.05,0.012,0.038,0.223,0.744,0.076,76,17,0.2236842105263158,0.2236842105263158,17.0,76,0.07,203.0,0.203,0.203,0.118,23,0.11424731182795698,0.93,0.0,0.93,0.943,4.716566923366968e-06,0.07,0.93,0.744,0.076,0.076,0.076,0.07,0.09408602150537634,0.01424731182795698,0.01424731182795698,0.01424731182795698,0.08571428571428572,0.943,0.668,0.0010000000000000005,0.18571428571428572,0.11424731182795698,0.077,0.256,0.0,0.332,0.0,0.256,0.5064578160723527,0.256,0.93,0.0,0.0,0.02977418307562513,0.021039234607618355,0.077,9.583172757699968e-05,0.256,0.01376995185754301,1000.0,0.332,0.18571428571428572,0.11424731182795698,0.223,6.854633654884142e-06,0.144,7,7.0,0.256,0.5064578160723527,0.319,0.256,256,1000,0.076,ecocsf,0.07,70,0.02977418307562513,0.077,16.511282231432567,-186.48871776856743,40065,68,0.10179640718562874,0.11211190119609522,74.89074999899161,668,False,103.0,203.0,18.0,115.0,True,85,0.11424731182795698,0.12350907257928978,0.023509072579289775,91.8907499989916,744,0.0
0.0,0.0,1.0,0.107,0.012,0.095,0.327,0.67,0.038,38,9,0.23684210526315788,0.23684210526315788,9.0,38,0.127,257.0,0.257,0.257,0.164,24,0.07761194029850746,0.873,0.0,0.873,0.879,1.5320847364928514e-06,0.127,0.873,0.67,0.038,0.038,0.038,0.127,0.18955223880597014,0.022388059701492546,-0.022388059701492546,0.0,0.0,0.879,0.632,0.0010000000000000005,0.047244094488188976,0.07761194029850746,0.068,0.33,0.0,0.368,0.0,0.33,0.7224744512904632,0.33,0.873,0.0,0.0,0.007600112633071632,0.012426504731936397,0.068,0.00011151878837871707,0.33,0.014312895510683505,1000.0,0.368,0.047244094488188976,0.07761194029850746,0.327,1.38210217973947e-05,0.247,3,3.0,0.33,0.7224744512904632,0.402,0.32999999999999996,330,1000,0.038,ecocsf,0.127,127,0.007600112633071632,0.068,10.340700566768808,-246.65929943323118,40066,43,0.0680379746835443,0.07932309710374082,50.132197369564196,632,False,133.0,257.0,31.0,124.0,True,52,0.07761194029850746,0.08825701099934954,-0.011742989000650461,59.132197369564196,670,0.0
0.0,0.0,1.0,0.056,0.042,0.014,0.116,0.765,0.044,44,0,0.0,0.21835760746183067,9.60773472832055,44,0.275,139.0,0.139,0.139,0.042,25,0.054901960784313725,0.725,0.044,0.725,0.744,2.751121590402997e-06,0.275,0.725,0.765,0.044,0.044,0.044,0.275,0.35947712418300654,0.04509803921568628,-0.04509803921568628,0.0,0.0,0.744,0.721,0.0010000000000000005,0.06909090909090909,0.054901960784313725,0.043,0.235,0.0,0.279,0.0,0.235,0.7640941793704658,0.235,0.725,0.0,0.0,0.0030951751730001523,0.01305838429440743,0.043,0.00011257599803787032,0.235,0.004819371639408084,1000.0,0.279,0.06909090909090909,0.054901960784313725,0.116,2.6179615178386e-05,0.014,2,2.0,0.235,0.7640941793704656,0.642,0.235,235,1000,0.044,ecocsf,0.275,275,0.0030951751730001523,0.043,7.135590932345387,-131.8644090676546,40067,42,0.05825242718446602,0.07730729824560659,55.73856203508235,721,False,0.0,139.0,42.0,137.0,True,42,0.054901960784313725,0.08541999576915413,-0.014580004230845878,65.3462967634029,765,0.0
0.0,0.0,0.0,0.619,0.0,0.619,0.662,0.195,0.054,54,4,0.07407407407407407,0.138563085679564,7.482406626696456,54,0.0,80.0,0.08,0.08,0.0,26,0.07179487179487179,1.0,0.0,1.0,1.0,4.1834979834239966e-06,0.0,1.0,0.195,0.054,0.054,0.054,0.0,0.0,0.028205128205128216,-0.028205128205128216,0.0,,1.0,0.141,0.0010000000000000005,,0.07179487179487179,0.01,0.805,0.0,0.859,0.0,0.805,0.9622200493515288,0.805,1.0,0.0,0.0,0.018346812392683574,0.01867179443589357,0.01,0.00010734497376536231,0.805,0.023985749086422054,1000.0,0.859,,0.07179487179487179,0.662,0.0,0.619,0,0.0,0.805,0.9622200493515246,0.842,0.8049999999999999,805,1000,0.054,ecocsf,0.0,0,0.018346812392683574,0.01,2.1163390948732617,-77.88366090512673,40068,10,0.07092198581560284,0.12445321808092892,17.547903749410978,141,False,0.0,80.0,0.0,80.0,True,14,0.07179487179487179,0.12836056603132018,0.028360566031320172,25.030310376107433,195,0.0
0.0,0.0,1.0,0.065,0.015,0.05,0.204,0.794,0.075,75,24,0.32,0.32467001168191556,24.35025087614367,75,0.179,146.0,0.146,0.146,0.075,27,0.10327455919395466,0.821,0.033,0.821,0.836,5.935904897380452e-06,0.179,0.821,0.794,0.075,0.075,0.075,0.179,0.22544080604534006,0.0032745591939546542,0.0032745591939546542,0.0032745591939546542,0.0,0.836,0.719,0.0010000000000000005,0.08379888268156424,0.10327455919395466,0.078,0.2,0.0,0.281,0.0,0.206,0.42353162412419354,0.206,0.821,0.0,0.0,0.026298183555731238,0.021529356758563878,0.078,9.950345858115342e-05,0.206,0.011572098480502589,1000.0,0.281,0.08379888268156424,0.10327455919395466,0.204,1.730639147582706e-05,0.11,8,8.0,0.206,0.42353162412419354,0.279,0.20599999999999996,206,1000,0.075,ecocsf,0.179,179,0.026298183555731238,0.078,20.300585721003365,-125.69941427899664,40069,58,0.08066759388038942,0.09775220803472565,70.28383757696774,719,False,42.0,146.0,34.0,114.0,True,82,0.10327455919395466,0.11918650938679018,0.019186509386790174,94.6340884531114,794,0.0
0.0,0.0,1.0,0.101,0.022,0.079,0.201,0.785,0.05,50,18,0.36,0.37243681458646904,18.621840729323452,50,0.162,214.0,0.214,0.214,0.096,28,0.08535031847133757,0.838,0.0,0.838,0.855,2.9449703482635854e-06,0.162,0.838,0.785,0.05,0.05,0.05,0.162,0.20636942675159237,0.014649681528662431,-0.014649681528662431,0.0,0.00493827160493826,0.855,0.735,0.0010000000000000005,0.10493827160493827,0.08535031847133757,0.067,0.215,0.0,0.265,0.0,0.215,0.47123048071612367,0.215,0.838,0.0,0.0,0.014593120639269423,0.014637896884761283,0.067,8.813015514512431e-05,0.215,0.008383432115802707,1000.0,0.265,0.10493827160493827,0.08535031847133757,0.201,1.5375148903253376e-05,0.153,6,6.0,0.215,0.47123048071612345,0.265,0.21499999999999997,215,1000,0.05,ecocsf,0.162,162,0.014593120639269423,0.067,17.22960091364994,-196.77039908635007,40070,49,0.06666666666666667,0.0821989799431417,60.416250258209146,735,False,54.0,214.0,42.0,159.0,True,67,0.08535031847133757,0.10068546622615619,0.0006854662261561867,79.03809098753261,785,0.0
0.0,0.0,1.0,0.006,0.003,0.003,0.206,0.354,0.028,28,10,0.35714285714285715,0.4060698504878492,11.369955813659779,28,0.062,48.0,0.048,0.048,0.032,29,0.096045197740113,0.938,0.0,0.938,0.944,1.087476609173452e-06,0.062,0.938,0.354,0.028,0.028,0.028,0.062,0.1751412429378531,0.003954802259887008,-0.003954802259887008,0.0,0.0,0.944,0.326,0.0010000000000000005,0.0967741935483871,0.096045197740113,0.028,0.646,0.0,0.674,0.0,0.646,0.7469086211140274,0.646,0.938,0.0,0.0,0.024901973472059722,0.01972696389030974,0.028,9.801169301354888e-05,0.646,0.015249274872800098,1000.0,0.674,0.0967741935483871,0.096045197740113,0.206,4.485108555837345e-06,0.032,3,3.0,0.646,0.7469086211140274,0.659,0.646,646,1000,0.028,ecocsf,0.062,62,0.024901973472059722,0.028,8.912965947911317,-39.08703405208868,40071,24,0.0736196319018405,0.10128679223181952,33.019494267573165,326,False,29.0,48.0,3.0,19.0,True,34,0.096045197740113,0.1253939267831439,0.025393926783143894,44.389450081232944,354,0.0
0.0,0.0,1.0,0.084,0.047,0.037,0.092,0.846,0.091,91,10,0.10989010989010989,0.12613862404174306,11.47861478779862,91,0.254,237.0,0.237,0.237,0.06,30,0.09101654846335698,0.746,0.0,0.746,0.767,4.904200133016096e-06,0.254,0.746,0.846,0.091,0.091,0.091,0.254,0.30023640661938533,0.008983451536643025,-0.008983451536643025,0.0,0.0,0.767,0.755,0.0010000000000000005,0.08267716535433071,0.09101654846335698,0.068,0.154,0.0,0.245,0.0,0.154,0.4709775258569833,0.154,0.746,0.0,0.0,0.014670919366473412,0.014813025933962774,0.068,0.0001036669308679486,0.154,0.003277759378797878,1000.0,0.245,0.08267716535433071,0.09101654846335698,0.092,2.7160442271927395e-05,0.05,7,7.0,0.154,0.47097752585698305,0.329,0.15400000000000003,154,1000,0.091,ecocsf,0.254,254,0.014670919366473412,0.068,18.08264467546102,-218.917355324539,40072,67,0.08874172185430464,0.10026027114131177,75.69650471169038,755,False,0.0,237.0,60.0,236.0,True,77,0.09101654846335698,0.10304387647693737,0.0030438764769373655,87.17511949948901,846,0.0
0.0,0.0,1.0,0.107,0.011,0.096,0.216,0.7,0.104,104,41,0.3942307692307692,0.45020484470086897,46.82130384889037,104,0.116,54.0,0.054,0.054,0.012,31,0.12714285714285714,0.884,0.002,0.884,0.895,1.1590365554217167e-05,0.116,0.884,0.7,0.104,0.104,0.104,0.116,0.1657142857142857,0.027142857142857135,0.027142857142857135,0.027142857142857135,0.0,0.895,0.596,0.0010000000000000005,0.09482758620689655,0.12714285714285714,0.055,0.3,0.0,0.404,0.0,0.3,0.5835340756014751,0.3,0.884,0.0,0.0,0.033443836346298654,0.01932762983142813,0.055,8.611143175586828e-05,0.3,0.011186781787109468,1000.0,0.404,0.09482758620689655,0.12714285714285714,0.216,9.142713754747236e-06,0.097,4,4.0,0.3,0.5835340756014747,0.447,0.30000000000000004,300,1000,0.104,ecocsf,0.116,116,0.033443836346298654,0.055,12.785052555528784,-41.214947444471214,40073,48,0.08053691275167785,0.08592768129467353,51.21289805162542,596,False,0.0,54.0,12.0,54.0,True,89,0.12714285714285714,0.1400488598578797,0.040048859857879704,98.0342019005158,700,0.0
0.0,0.0,1.0,0.116,0.03,0.086,0.245,0.769,0.094,94,30,0.3191489361702128,0.3296059598706542,30.982960227841495,94,0.243,249.0,0.249,0.249,0.117,32,0.07802340702210664,0.757,0.018,0.757,0.768,7.330204524826501e-06,0.243,0.757,0.769,0.094,0.094,0.094,0.243,0.3159947984395319,0.021976592977893367,-0.021976592977893367,0.0,0.0,0.768,0.675,0.0010000000000000005,0.04526748971193416,0.07802340702210664,0.044,0.231,0.0,0.325,0.0,0.231,0.5070262311092453,0.231,0.757,0.0,0.0,0.014765720841811478,0.026057861871517162,0.044,9.240548390374842e-05,0.231,0.01576942087088633,1000.0,0.325,0.04526748971193416,0.07802340702210664,0.245,1.695337373639602e-05,0.173,6,6.0,0.231,0.507026231109245,0.328,0.23099999999999998,231,1000,0.094,ecocsf,0.243,243,0.014765720841811478,0.044,17.372894388316002,-231.627105611684,40074,30,0.044444444444444446,0.07557476316858697,51.012965138796204,675,False,65.0,249.0,52.0,184.0,True,60,0.07802340702210664,0.10662669098392416,0.006626690983924155,81.99592536663768,769,0.0
0.0,0.0,1.0,0.088,0.018,0.07,0.264,0.478,0.036,36,14,0.3888888888888889,0.3888888888888889,14.0,36,0.214,213.0,0.213,0.213,0.093,33,0.09205020920502092,0.786,0.001,0.786,0.807,1.5656971521472742e-06,0.214,0.786,0.478,0.036,0.036,0.036,0.214,0.4476987447698745,0.00794979079497908,-0.00794979079497908,0.0,0.0,0.807,0.442,0.0010000000000000005,0.09813084112149532,0.09205020920502092,0.043,0.522,0.0,0.558,0.0,0.522,0.8208922800390748,0.522,0.786,0.0,0.0,0.014488968279907371,0.014429459516163987,0.043,9.716457658883151e-05,0.522,0.011456246051580547,1000.0,0.558,0.09813084112149532,0.09205020920502092,0.264,1.6283812506935034e-05,0.145,3,3.0,0.522,0.8208922800390743,0.572,0.522,522,1000,0.036,ecocsf,0.214,214,0.014488968279907371,0.043,9.678096434917332,-203.32190356508266,40075,30,0.06787330316742081,0.07433182224446692,32.85466543205438,442,False,55.0,213.0,38.0,158.0,True,44,0.09205020920502092,0.09802231261936063,-0.001977687380639373,46.85466543205438,478,0.0
0.0,0.0,1.0,0.03,0.001,0.029,0.279,0.514,0.073,73,21,0.2876712328767123,0.30649225435224736,22.373934567714056,73,0.232,74.0,0.074,0.074,0.056,34,0.12062256809338522,0.768,0.0,0.768,0.777,3.681996403328236e-06,0.232,0.768,0.514,0.073,0.073,0.073,0.232,0.45136186770428016,0.02062256809338521,0.02062256809338521,0.02062256809338521,0.0,0.777,0.441,0.0010000000000000005,0.03879310344827586,0.12062256809338522,0.047,0.486,0.0,0.559,0.0,0.486,0.8391871225123011,0.486,0.768,0.0,0.0,0.027835001996281254,0.019639970703090634,0.047,0.00010425249184099548,0.486,0.013577731210840238,1000.0,0.559,0.03879310344827586,0.12062256809338522,0.279,1.9371095778363835e-05,0.084,2,2.0,0.486,0.8391871225123018,0.495,0.486,486,1000,0.073,ecocsf,0.232,232,0.027835001996281254,0.047,8.699639551127351,-65.30036044887265,40076,41,0.09297052154195011,0.09873710619477338,43.54306383189506,441,False,52.0,74.0,4.0,22.0,True,62,0.12062256809338522,0.12824318754787764,0.028243187547877635,65.91699839960911,514,0.0
0.0,0.0,1.0,0.034,0.0,0.034,0.291,0.373,0.031,31,5,0.16129032258064516,0.25806451612903225,8.0,31,0.077,78.0,0.078,0.078,0.065,35,0.0777479892761394,0.923,0.059,0.923,0.93,9.909993180721128e-07,0.077,0.923,0.373,0.031,0.031,0.031,0.077,0.2064343163538874,0.0222520107238606,-0.0222520107238606,0.0,0.0,0.93,0.342,0.0010000000000000005,0.09090909090909091,0.0777479892761394,0.036,0.627,0.0,0.658,0.0,0.627,0.8959371827829219,0.627,0.923,0.0,0.0,0.01710126128753458,0.014063245736384055,0.036,0.00011084541403824366,0.627,0.012060334625129811,1000.0,0.658,0.09090909090909091,0.0777479892761394,0.291,7.423598123388261e-06,0.099,2,2.0,0.627,0.8959371827829221,0.719,0.627,627,1000,0.031,ecocsf,0.077,77,0.01710126128753458,0.036,6.46791439760748,-71.53208560239253,40077,24,0.07017543859649122,0.088866259080721,30.392260605606584,342,False,62.0,78.0,3.0,16.0,True,29,0.0777479892761394,0.10292831261556726,0.0029283126155672523,38.39226060560659,373,0.0
0.0,0.0,0.0,0.004,0.0,0.004,0.029,0.96,0.011,11,2,0.18181818181818182,0.23885427385171462,2.627397012368861,11,0.684,14.0,0.014,0.014,0.014,36,0.0375,0.316,0.054,0.316,0.347,2.2911453181857218e-07,0.684,0.316,0.96,0.011,0.011,0.011,0.684,0.7125,0.0625,-0.0625,0.0,0.0,0.347,0.949,0.0010000000000000005,0.04532163742690058,0.0375,0.034,0.04,0.0,0.051,0.0,0.04,0.9849091624374419,0.04,0.316,0.0,0.0,0.0022790490969402935,0.004612436993126795,0.034,0.00010815334666055242,0.04,0.0009206087706826385,1000.0,0.051,0.04532163742690058,0.0375,0.029,7.855026607993696e-05,0.018,0,0.0,0.04,0.9849091624374421,0.953,0.040000000000000036,40,1000,0.011,ecocsf,0.684,684,0.0022790490969402935,0.034,0.45825156159672664,-13.541748438403273,40078,34,0.03582718651211802,0.08311988052306621,78.88076661638983,949,False,14.0,14.0,0.0,0.0,True,36,0.0375,0.08490433711329033,-0.015095662886709674,81.50816362875872,960,0.0
0.0,0.0,1.0,0.037,0.0,0.037,0.109,0.91,0.055,55,15,0.2727272727272727,0.3583900991225333,19.71145545173933,55,0.339,43.0,0.043,0.043,0.043,37,0.05824175824175824,0.661,0.075,0.661,0.683,1.5389035002540336e-06,0.339,0.661,0.91,0.055,0.055,0.055,0.339,0.37252747252747254,0.04175824175824176,-0.04175824175824176,0.0,0.0,0.683,0.855,0.0010000000000000005,0.06489675516224189,0.05824175824175824,0.046,0.09,0.0,0.145,0.0,0.09,0.8561247466190757,0.09,0.661,0.0,0.0,0.0027232339329855957,0.008411843739790885,0.046,8.455096581645499e-05,0.09,0.004432262479869169,1000.0,0.145,0.06489675516224189,0.05824175824175824,0.109,2.899040726572926e-05,0.08,2,2.0,0.09,0.856124746619076,0.698,0.08999999999999997,90,1000,0.055,ecocsf,0.339,339,0.0027232339329855957,0.046,4.71767571543754,-38.28232428456246,40079,38,0.044444444444444446,0.06848032980292404,58.55068198150005,855,False,43.0,43.0,0.0,0.0,True,53,0.05824175824175824,0.08600234882773562,-0.013997651172264383,78.26213743323942,910,0.0
0.0,0.0,1.0,0.087,0.005,0.082,0.378,0.599,0.087,87,29,0.3333333333333333,0.3717765181294766,32.34455707726446,87,0.1,189.0,0.189,0.189,0.128,38,0.12687813021702837,0.9,0.0,0.9,0.909,5.805171501915776e-06,0.1,0.9,0.599,0.087,0.087,0.087,0.1,0.1669449081803005,0.026878130217028368,0.026878130217028368,0.026878130217028368,0.0,0.909,0.512,0.0010000000000000005,0.09,0.12687813021702837,0.065,0.401,0.0,0.488,0.0,0.401,0.7291804587917319,0.401,0.9,0.0,0.0,0.03633045710454568,0.024095805996279928,0.065,0.00010715454568703555,0.401,0.023949203113004358,1000.0,0.488,0.09,0.12687813021702837,0.378,9.270557092561012e-06,0.205,3,3.0,0.401,0.7291804587917323,0.471,0.401,401,1000,0.087,ecocsf,0.1,100,0.03633045710454568,0.065,10.020212536509828,-178.97978746349017,40080,47,0.091796875,0.10291224908046216,52.69107152919663,512,False,107.0,189.0,21.0,81.0,True,76,0.12687813021702837,0.1419626520975978,0.04196265209759781,85.03562860646109,599,0.0
0.0,0.0,1.0,0.135,0.011,0.124,0.443,0.543,0.095,95,29,0.30526315789473685,0.3140806769527213,29.837664310508522,95,0.077,320.0,0.32,0.32,0.205,39,0.12154696132596685,0.923,0.003,0.923,0.925,5.819286395757349e-06,0.077,0.923,0.543,0.095,0.095,0.095,0.077,0.141804788213628,0.02154696132596684,0.02154696132596684,0.02154696132596684,0.0,0.925,0.448,0.0010000000000000005,0.025974025974025976,0.12154696132596685,0.063,0.457,0.0,0.552,0.0,0.457,0.8603317333665158,0.457,0.923,0.0,0.0,0.024379921218828593,0.02094460578142359,0.063,0.00011131772214901874,0.457,0.026485491536427788,1000.0,0.552,0.025974025974025976,0.12154696132596685,0.443,1.0354503065679816e-05,0.318,3,3.0,0.457,0.8603317333665148,0.529,0.45699999999999996,457,1000,0.095,ecocsf,0.077,77,0.024379921218828593,0.063,9.540452582956679,-310.4595474170433,40081,37,0.08258928571428571,0.08406594487517215,37.66154330407712,448,False,158.0,320.0,47.0,162.0,True,66,0.12154696132596685,0.1243079329918704,0.024307932991870396,67.49920761458563,543,0.0
0.0,0.0,1.0,0.154,0.026,0.128,0.312,0.613,0.116,116,24,0.20689655172413793,0.2618442105692124,30.37392842602864,116,0.096,332.0,0.332,0.332,0.169,40,0.06851549755301795,0.904,0.074,0.904,0.91,5.683789497452553e-06,0.096,0.904,0.613,0.116,0.116,0.116,0.096,0.1566068515497553,0.03148450244698206,-0.03148450244698206,0.0,0.0,0.91,0.497,0.0010000000000000005,0.0625,0.06851549755301795,0.057,0.387,0.0,0.503,0.0,0.387,0.9240294253680947,0.387,0.904,0.0,0.0,0.0026206660285649206,0.01272606361669429,0.057,0.00010435245694971614,0.387,0.012655492471977609,1000.0,0.503,0.0625,0.06851549755301795,0.312,8.574078869797037e-06,0.271,2,2.0,0.387,0.9240294253680953,0.599,0.387,387,1000,0.116,ecocsf,0.096,96,0.0026206660285649206,0.057,5.1580804742412845,-326.8419195257587,40082,18,0.03621730382293763,0.04472943078468518,22.230527099988535,497,False,125.0,332.0,44.0,207.0,True,42,0.06851549755301795,0.08581477247311121,-0.014185227526888791,52.604455526017176,613,0.0
0.0,0.0,1.0,0.047,0.027,0.02,0.086,0.892,0.037,37,5,0.13513513513513514,0.17308989277516243,6.40432603268101,37,0.458,125.0,0.125,0.125,0.053,41,0.06390134529147982,0.542,0.023,0.542,0.578,1.3785682105065468e-06,0.458,0.542,0.892,0.037,0.037,0.037,0.458,0.5134529147982063,0.03609865470852018,-0.03609865470852018,0.0,0.0,0.578,0.855,0.0010000000000000005,0.07860262008733625,0.06390134529147982,0.053,0.103,0.0,0.145,0.0,0.108,0.8595713348976626,0.108,0.542,0.0,0.0,0.005858268241521242,0.010086969000467601,0.053,0.00010761032505182299,0.108,0.002882490203047218,1000.0,0.145,0.07860262008733625,0.06390134529147982,0.086,4.800158736822996e-05,0.046,2,2.0,0.108,0.8595713348976617,0.717,0.10799999999999998,108,1000,0.037,ecocsf,0.458,458,0.005858268241521242,0.053,7.686663837341463,-117.31333616265854,40083,52,0.0608187134502924,0.08541814084134101,73.03251041934656,855,False,19.0,125.0,34.0,106.0,True,57,0.06390134529147982,0.08905474938568111,-0.010945250614318891,79.43683645202755,892,0.0
0.0,0.0,1.0,0.094,0.015,0.079,0.179,0.819,0.034,34,9,0.2647058823529412,0.29346629843139777,9.977854146667523,34,0.128,204.0,0.204,0.204,0.069,42,0.10012210012210013,0.872,0.03,0.872,0.885,2.350251086171682e-06,0.128,0.872,0.819,0.034,0.034,0.034,0.128,0.1562881562881563,0.00012210012210012167,0.00012210012210012167,0.00012210012210012167,0.0015624999999999944,0.885,0.785,0.0010000000000000005,0.1015625,0.10012210012210013,0.086,0.181,0.0,0.215,0.0,0.181,0.34491828189948615,0.181,0.872,0.0,0.0,0.025608170319025906,0.020969936125464217,0.086,0.00010172892093423347,0.181,0.011955724751193561,1000.0,0.215,0.1015625,0.10012210012210013,0.179,1.7675347545242998e-05,0.133,8,8.0,0.181,0.3449182818994862,0.216,0.18100000000000005,181,1000,0.034,ecocsf,0.128,128,0.025608170319025906,0.086,20.48195811637553,-183.51804188362448,40084,73,0.0929936305732484,0.10558034045672557,82.88056725852957,785,False,33.0,204.0,51.0,204.0,True,82,0.10012210012210013,0.11338024591599158,0.013380245915991573,92.8584214051971,819,0.0
0.0,0.0,1.0,0.021,0.015,0.006,0.242,0.424,0.183,183,47,0.2568306010928962,0.2814274564373063,51.50122452802705,183,0.033,99.0,0.099,0.099,0.021,43,0.16273584905660377,0.967,0.0,0.967,0.973,1.817656059769306e-05,0.033,0.967,0.424,0.183,0.183,0.183,0.033,0.07783018867924528,0.06273584905660376,0.06273584905660376,0.06273584905660376,0.08181818181818182,0.973,0.241,0.0010000000000000005,0.18181818181818182,0.16273584905660377,0.025,0.576,0.0,0.759,0.0,0.576,0.8659571023241553,0.576,0.967,0.0,0.0,0.030902213706800758,0.026087736039462617,0.025,9.343688176372802e-05,0.576,0.017622145755141125,1000.0,0.759,0.18181818181818182,0.16273584905660377,0.242,3.096104002075908e-06,0.012,2,2.0,0.576,0.8659571023241558,0.539,0.5760000000000001,576,1000,0.183,ecocsf,0.033,33,0.030902213706800758,0.025,5.6832890800709475,-93.31671091992905,40085,22,0.0912863070539419,0.09534253019280686,22.977549776466454,241,False,0.0,99.0,21.0,99.0,True,69,0.16273584905660377,0.1756574865672017,0.0756574865672017,74.47877430449353,424,0.0
0.0,0.0,1.0,0.048,0.015,0.033,0.088,0.895,0.031,31,10,0.3225806451612903,0.35309052928602264,10.945806407866701,31,0.497,106.0,0.106,0.106,0.046,44,0.04692737430167598,0.503,0.013,0.503,0.517,1.2556723288101723e-06,0.497,0.503,0.895,0.031,0.031,0.031,0.497,0.5553072625698324,0.05307262569832403,-0.05307262569832403,0.0,0.0,0.517,0.864,0.0010000000000000005,0.028169014084507043,0.04692737430167598,0.034,0.104,0.0,0.136,0.0,0.105,0.28639901246509064,0.105,0.503,0.0,0.0,0.006348002898194881,0.011867396478505658,0.034,9.817432730229212e-05,0.105,0.00317733067828832,1000.0,0.136,0.028169014084507043,0.04692737430167598,0.088,5.0099001325271763e-05,0.064,3,3.0,0.105,0.2863990124650904,0.193,0.10499999999999998,105,1000,0.031,ecocsf,0.497,497,0.006348002898194881,0.034,9.74263572138124,-96.25736427861877,40086,32,0.037037037037037035,0.08004382965178015,69.15786881913806,864,False,25.0,106.0,21.0,81.0,True,42,0.04692737430167598,0.08950131310279866,-0.010498686897201348,80.1036752270048,895,0.0
0.0,0.0,1.0,0.057,0.013,0.044,0.168,0.84,0.028,28,9,0.32142857142857145,0.35296130332666875,9.882916493146725,28,0.286,158.0,0.158,0.158,0.074,45,0.07261904761904762,0.714,0.0,0.714,0.729,1.7013472469425128e-06,0.286,0.714,0.84,0.028,0.028,0.028,0.286,0.3404761904761905,0.02738095238095238,-0.02738095238095238,0.0,0.0,0.729,0.812,0.0010000000000000005,0.05244755244755245,0.07261904761904762,0.06,0.16,0.0,0.188,0.0,0.16,0.37231175152164897,0.16,0.714,0.0,0.0,0.01837329508135721,0.014327628831816404,0.06,9.737989187427761e-05,0.16,0.006958064980064323,1000.0,0.188,0.05244755244755245,0.07261904761904762,0.168,2.4921817125474777e-05,0.105,8,8.0,0.16,0.37231175152164886,0.2,0.16000000000000003,160,1000,0.028,ecocsf,0.286,286,0.01837329508135721,0.06,19.26747038737687,-138.73252961262313,40087,52,0.06403940886699508,0.09506370176742927,77.19172583515257,812,False,51.0,158.0,23.0,107.0,True,61,0.07261904761904762,0.10366028848607056,0.0036602884860705565,87.07464232829928,840,0.0
0.0,0.0,1.0,0.022,0.0,0.022,0.131,0.737,0.078,78,25,0.32051282051282054,0.328937526427644,25.65712706135623,78,0.164,7.0,0.007,0.007,0.007,46,0.07327001356852103,0.836,0.066,0.836,0.838,6.804962489920299e-06,0.164,0.836,0.737,0.078,0.078,0.078,0.164,0.2225237449118046,0.026729986431478975,-0.026729986431478975,0.0,0.0,0.838,0.659,0.0010000000000000005,0.012195121951219513,0.07327001356852103,0.031,0.263,0.0,0.341,0.0,0.263,0.9597424192308854,0.263,0.836,0.0,0.0,0.002634586073416331,0.02182620375482861,0.031,0.00010936162741407524,0.263,0.009925205049152824,1000.0,0.341,0.012195121951219513,0.07327001356852103,0.131,1.459401943772953e-05,0.029,1,1.0,0.263,0.9597424192308855,0.759,0.263,263,1000,0.078,ecocsf,0.164,164,0.002634586073416331,0.031,2.7833309104284147,-4.216669089571585,40088,29,0.04400606980273141,0.06143007815171534,40.48242150198041,659,False,7.0,7.0,0.0,0.0,True,54,0.07327001356852103,0.08974158556762096,-0.010258414432379043,66.13954856333665,737,0.0
0.0,0.0,1.0,0.006,0.0,0.006,0.055,0.947,0.009,9,0,0.0,0.038430230518620094,0.34587207466758085,9,0.593,42.0,0.042,0.042,0.042,47,0.029567053854276663,0.407,0.028,0.407,0.428,3.465383466335638e-07,0.593,0.407,0.947,0.009,0.009,0.009,0.593,0.6261879619852164,0.07043294614572335,-0.07043294614572335,0.0,0.0,0.428,0.938,0.0010000000000000005,0.03541315345699832,0.029567053854276663,0.032,0.053,0.0,0.062,0.0,0.053,0.9050455447122145,0.053,0.407,0.0,0.0,0.0016662744906057153,0.005524555753149495,0.032,9.733740205059123e-05,0.053,0.002986573682241164,1000.0,0.062,0.03541315345699832,0.029567053854276663,0.055,5.7516177475413187e-05,0.048,1,1.0,0.053,0.9050455447122138,0.837,0.05300000000000005,53,1000,0.009,ecocsf,0.593,593,0.0016662744906057153,0.032,2.709708647857511,-39.29029135214249,40089,28,0.029850746268656716,0.08461294324367961,79.36694076257147,938,False,42.0,42.0,0.0,0.0,True,28,0.029567053854276663,0.08417403678694725,-0.015825963213052754,79.71281283723904,947,0.0
0.0,0.0,1.0,0.0,0.0,0.0,0.031,0.853,0.017,17,1,0.058823529411764705,0.1333400028323133,2.266780048149326,17,0.065,0.0,0.0,0.0,0.0,48,0.08909730363423213,0.935,0.0,0.935,0.945,1.0166910418110054e-06,0.065,0.935,0.853,0.017,0.017,0.017,0.065,0.07620164126611957,0.010902696365767878,-0.010902696365767878,0.0,0.05384615384615385,0.945,0.836,0.0010000000000000005,0.15384615384615385,0.08909730363423213,0.075,0.147,0.0,0.164,0.0,0.147,0.21297709096695983,0.147,0.935,0.0,0.0,0.021540200729244792,0.015077575533388392,0.075,9.125227792499081e-05,0.147,0.002644187376246592,1000.0,0.164,0.15384615384615385,0.08909730363423213,0.031,6.389003525799212e-06,0.0,12,12.0,0.147,0.2129770909669598,0.159,0.14700000000000002,147,1000,0.017,ecocsf,0.065,65,0.021540200729244792,0.075,23.85037998091178,23.85037998091178,40090,75,0.08971291866028708,0.10596903316137084,88.59011172290602,836,False,0.0,0.0,0.0,0.0,True,76,0.08909730363423213,0.10651452728142481,0.006514527281424806,90.85689177105536,853,1.0
0.0,0.0,1.0,0.003,0.0,0.003,0.134,0.866,0.042,42,10,0.23809523809523808,0.2594000596030042,10.894802503326178,42,0.051,24.0,0.024,0.024,0.024,49,0.09699769053117784,0.949,0.0,0.949,0.95,3.7366109382133054e-06,0.051,0.949,0.866,0.042,0.042,0.042,0.051,0.05889145496535797,0.00300230946882217,-0.00300230946882217,0.0,0.0,0.95,0.824,0.0010000000000000005,0.0196078431372549,0.09699769053117784,0.087,0.134,0.0,0.176,0.0,0.134,0.2880662861936148,0.134,0.949,0.0,0.0,0.027032337679727913,0.02426348767201852,0.087,0.00010483543757715619,0.134,0.010936365596254511,1000.0,0.176,0.0196078431372549,0.09699769053117784,0.134,6.112525006132838e-06,0.027,10,10.0,0.134,0.28806628619361485,0.179,0.134,134,1000,0.042,ecocsf,0.051,51,0.027032337679727913,0.087,21.930767251563992,-2.069232748436008,40091,74,0.08980582524271845,0.10858512877987202,89.47414611461454,824,False,24.0,24.0,0.0,0.0,True,84,0.09699769053117784,0.1158994787736036,0.015899478773603593,100.36894861794072,866,0.0
0.05,0.053979823895844097,1.0,0.092,0.038,0.054,0.139,0.86,0.044,44,11,0.25,0.2908983643538861,12.79952803157099,44,0.225,224.0,0.224,0.224,0.085,0,0.08488372093023255,0.775,0.003,0.775,0.786,1.9261900706647193e-06,0.225,0.775,0.86,0.044,0.044,0.044,0.225,0.2616279069767442,0.015116279069767452,-0.015116279069767452,0.0,0.0,0.786,0.816,0.0010000000000000005,0.04888888888888889,0.08488372093023255,0.071,0.14,0.0,0.184,0.0,0.14,0.3502380074896822,0.14,0.775,0.0,0.0,0.023132919481069936,0.015207415816942045,0.071,9.579244840700264e-05,0.14,0.006314165931417657,1000.0,0.184,0.04888888888888889,0.08488372093023255,0.139,2.2791704453277747e-05,0.101,8,8.0,0.14,0.35023800748968226,0.187,0.14,140,1000,0.044,ecocsf,0.225,225,0.023132919481069936,0.071,19.63432373364831,-204.3656762663517,40042,62,0.07598039215686274,0.09958282049039603,81.25958152016317,816,False,28.0,224.0,57.0,196.0,True,73,0.08488372093023255,0.10937105761829553,0.009371057618295528,94.05910955173415,860,0.0
0.05,0.05050161764701579,0.0,0.021,0.0,0.021,0.335,0.135,0.081,81,43,0.5308641975308642,0.5802603718901603,47.00109012310298,81,0.0,0.0,0.0,0.0,0.0,1,0.37037037037037035,1.0,0.0,1.0,1.0,5.929981175284639e-06,0.0,1.0,0.135,0.081,0.081,0.081,0.0,0.0,0.27037037037037037,0.27037037037037037,0.27037037037037037,,1.0,0.054,0.0010000000000000005,,0.37037037037037035,0.008,0.865,0.0,0.946,0.0,0.865,1.0928265217842532,0.865,1.0,0.024,0.0,0.049454931472914736,0.03454673270906844,0.008,9.79882677761206e-05,0.865,0.029854572824994964,1000.0,0.946,,0.37037037037037035,0.335,0.0,0.021,0,0.0,0.865,1.0928265217842523,0.6,0.865,865,1000,0.081,ecocsf,0.0,0,0.049454931472914736,0.008,0.5607743673320038,0.5607743673320038,40043,7,0.12962962962962962,0.12962962962962962,7.0,54,False,0.0,0.0,0.0,0.0,True,50,0.37037037037037035,0.40000807498594804,0.30000807498594806,54.00109012310298,135,1.0
0.05,0.0553802713929518,0.0,0.081,0.026,0.055,0.251,0.341,0.252,252,36,0.14285714285714285,0.23153414229848512,58.34660385921825,252,0.005,267.0,0.267,0.267,0.05,2,0.1348973607038123,0.995,0.001,0.995,0.998,3.182726739096818e-05,0.005,0.995,0.341,0.252,0.252,0.252,0.005,0.01466275659824047,0.0348973607038123,0.0348973607038123,0.0348973607038123,0.5,0.998,0.089,0.0010000000000000005,0.6,0.1348973607038123,0.01,0.659,0.0,0.911,0.0,0.659,1.164989657613783,0.659,0.995,0.0,0.0,0.020963437032095827,0.02223502414394907,0.01,0.00010703058298463483,0.659,0.019962919273801154,1000.0,0.911,0.6,0.1348973607038123,0.251,0.0,0.079,0,0.0,0.659,1.1649896576137833,0.753,0.659,659,1000,0.252,ecocsf,0.005,5,0.020963437032095827,0.01,1.9406557922026977,-265.0593442077973,40044,10,0.11235955056179775,0.12970899509938827,11.544100563845557,89,False,18.0,267.0,32.0,242.0,True,46,0.1348973607038123,0.20495807748699063,0.10495807748699063,69.89070442306381,341,0.0
0.05,0.05009289916340447,0.0,0.015,0.0,0.015,0.326,0.118,0.031,31,22,0.7096774193548387,0.7820723907530506,24.244244113344568,31,0.0,24.0,0.024,0.024,0.024,3,0.2966101694915254,1.0,0.0,1.0,1.0,1.4584450595035723e-06,0.0,1.0,0.118,0.031,0.031,0.031,0.0,0.0,0.1966101694915254,0.1966101694915254,0.1966101694915254,,1.0,0.087,0.0010000000000000005,,0.2966101694915254,0.016,0.882,0.0,0.913,0.0,0.882,1.1051173401065129,0.882,1.0,0.0,0.0,0.04098579905384104,0.03199809948430859,0.016,0.00010294881034660799,0.882,0.02846387903243785,1000.0,0.913,,0.2966101694915254,0.326,0.0,0.039,0,0.0,0.882,1.1051173401065133,0.584,0.882,882,1000,0.031,ecocsf,0.0,0,0.04098579905384104,0.016,0.9459687815289191,-23.05403121847108,40045,13,0.14942528735632185,0.14942528735632185,13.0,87,False,24.0,24.0,0.0,0.0,True,35,0.2966101694915254,0.31562918740122514,0.21562918740122514,37.244244113344564,118,0.0
0.05,0.05495075818673604,1.0,0.094,0.02,0.074,0.16,0.831,0.04,40,16,0.4,0.4,16.0,40,0.292,192.0,0.192,0.192,0.066,4,0.09025270758122744,0.708,0.002,0.708,0.729,1.163854009317864e-06,0.292,0.708,0.831,0.04,0.04,0.04,0.292,0.35138387484957884,0.009747292418772563,-0.009747292418772563,0.0,0.0,0.729,0.791,0.0010000000000000005,0.07191780821917808,0.09025270758122744,0.069,0.169,0.0,0.209,0.0,0.169,0.30784353717923385,0.169,0.708,0.0,0.0,0.017409467631165958,0.014786454713332649,0.069,0.0001034838894665116,0.169,0.00602807699297263,1000.0,0.209,0.07191780821917808,0.09025270758122744,0.16,2.801974427967121e-05,0.12,8,8.0,0.169,0.3078435371792341,0.207,0.16900000000000004,169,1000,0.04,ecocsf,0.292,292,0.017409467631165958,0.069,19.80195153543029,-172.1980484645697,40046,59,0.07458912768647281,0.0868183585846819,68.67332164048338,791,False,33.0,192.0,33.0,158.0,True,75,0.09025270758122744,0.10189328717266351,0.001893287172663502,84.67332164048338,831,0.0
0.05,0.049910058825459645,1.0,0.111,0.012,0.099,0.346,0.379,0.103,103,28,0.27184466019417475,0.2877862264445412,29.641981323787743,103,0.003,177.0,0.177,0.177,0.077,5,0.11081794195250659,0.997,0.038,0.997,0.997,6.128828293085107e-06,0.003,0.997,0.379,0.103,0.103,0.103,0.003,0.0079155672823219,0.010817941952506585,0.010817941952506585,0.010817941952506585,0.0,0.997,0.276,0.0010000000000000005,0.0,0.11081794195250659,0.018,0.621,0.0,0.724,0.0,0.621,1.02066485830071,0.621,0.997,0.0,0.0,0.01661315303070289,0.020753735129511952,0.018,0.00010103839017894748,0.621,0.017461937707589633,1000.0,0.724,0.0,0.11081794195250659,0.346,0.0,0.164,2,2.0,0.621,1.0206648583007105,0.64,0.621,621,1000,0.103,ecocsf,0.003,3,0.01661315303070289,0.018,4.262105986543328,-172.73789401345667,40047,14,0.050724637681159424,0.050724637681159424,14.0,276,False,52.0,177.0,25.0,124.0,True,42,0.11081794195250659,0.11515034650075923,0.01515034650075922,43.641981323787746,379,0.0
0.05,0.06265971578565008,0.0,0.002,0.002,0.0,0.022,0.993,0.04,40,0,0.0,0.045035026915123205,1.8014010766049282,40,0.629,46.0,0.046,0.046,0.002,6,0.06243705941591138,0.371,0.035,0.371,0.416,5.263664355918986e-07,0.629,0.371,0.993,0.04,0.04,0.04,0.629,0.6334340382678751,0.03756294058408863,-0.03756294058408863,0.0,0.0,0.416,0.953,0.0010000000000000005,0.07154213036565978,0.06243705941591138,0.062,0.007,0.0,0.047,0.0,0.007,0.9625897076557767,0.007,0.371,0.0,0.0,0.006850404210427073,0.006961055896265799,0.062,0.0001006950209028888,0.007,8.106525002217413e-05,1000.0,0.047,0.07154213036565978,0.06243705941591138,0.022,6.385316965618965e-05,0.0,0,0.0,0.007,0.9625897076557784,0.936,0.007000000000000006,7,1000,0.04,ecocsf,0.629,629,0.006850404210427073,0.062,0.5457176685900067,-45.45428233140999,40048,62,0.06505771248688352,0.09220920206654155,87.8753695694141,953,False,0.0,46.0,2.0,46.0,True,62,0.06243705941591138,0.09030893317826692,-0.009691066821733083,89.67677064601905,993,0.0
0.05,0.05631870835497117,1.0,0.069,0.025,0.044,0.112,0.814,0.111,111,18,0.16216216216216217,0.1912415242048476,21.227809186738085,111,0.054,122.0,0.122,0.122,0.028,7,0.09582309582309582,0.946,0.007,0.946,0.946,9.184998956846465e-06,0.054,0.946,0.814,0.111,0.111,0.111,0.054,0.06633906633906633,0.004176904176904181,-0.004176904176904181,0.0,0.0,0.946,0.703,0.0010000000000000005,0.0,0.09582309582309582,0.062,0.186,0.0,0.297,0.0,0.186,0.3763167932280086,0.186,0.946,0.0,0.0,0.020459658889379038,0.02258792974676247,0.062,9.256157249914062e-05,0.186,0.006282590543264396,1000.0,0.297,0.0,0.09582309582309582,0.112,3.866414626628925e-06,0.047,9,9.0,0.186,0.376316793228009,0.249,0.18600000000000005,186,1000,0.111,ecocsf,0.054,54,0.020459658889379038,0.062,19.706490794068497,-102.2935092059315,40049,60,0.08534850640113797,0.1035801545654155,72.81684865948709,703,False,0.0,122.0,28.0,121.0,True,78,0.09582309582309582,0.11553397769806532,0.015533977698065318,94.04465784622518,814,0.0
0.05,0.05285622896599106,1.0,0.056,0.002,0.054,0.25,0.756,0.078,78,35,0.44871794871794873,0.47001760332957715,36.66137305970702,78,0.231,182.0,0.182,0.182,0.11,8,0.1111111111111111,0.769,0.005,0.769,0.775,5.407532843940036e-06,0.231,0.769,0.756,0.078,0.078,0.078,0.231,0.3055555555555556,0.0111111111111111,0.0111111111111111,0.0111111111111111,0.0,0.775,0.678,0.0010000000000000005,0.025974025974025976,0.1111111111111111,0.057,0.244,0.0,0.322,0.0,0.244,0.5729278823023527,0.244,0.769,0.0,0.0,0.030108922879994067,0.022732446249839028,0.057,0.00010078197305621226,0.244,0.014093807755077245,1000.0,0.322,0.025974025974025976,0.1111111111111111,0.25,1.8705400762746693e-05,0.162,6,6.0,0.244,0.5729278823023526,0.312,0.244,244,1000,0.078,ecocsf,0.231,231,0.030108922879994067,0.057,15.083143762417919,-166.91685623758207,40050,49,0.07227138643067847,0.08474200982924297,57.45508266422674,678,False,84.0,182.0,26.0,98.0,True,84,0.1111111111111111,0.12449266630149969,0.024492666301499683,94.11645572393377,756,0.0
0.05,0.06393852074930953,1.0,0.0,0.0,0.0,0.0,1.0,0.0,0,0,,,0.0,0,0.737,0.0,0.0,0.0,0.0,9,0.039,0.263,0.001,0.263,0.293,0.0,0.737,0.263,1.0,0.0,0.0,0.0,0.737,0.737,0.061000000000000006,-0.061000000000000006,0.0,0.0,0.293,1.0,0.0010000000000000005,0.0407055630936228,0.039,0.039,0.0,0.0,0.0,0.0,0.0,0.0,0.0,0.263,0.0,0.0,0.002865436138828862,0.004560988125388217,0.039,0.00010410540595086723,0.0,0.0,1000.0,0.0,0.0407055630936228,0.039,0.0,7.437380469651389e-05,0.0,1,1.0,0.0,0.0,0.0,0.0,0,1000,0.0,ecocsf,0.737,737,0.002865436138828862,0.039,1.9406225404269488,1.9406225404269488,40051,39,0.039,0.08586543613882867,85.86543613882867,1000,False,0.0,0.0,0.0,0.0,True,39,0.039,0.08586543613882867,-0.014134563861171331,85.86543613882867,1000,1.0
0.05,0.056796744910216766,1.0,0.05,0.025,0.025,0.065,0.936,0.032,32,8,0.25,0.28787542620075013,9.212013638424004,32,0.174,132.0,0.132,0.132,0.027,10,0.08867521367521368,0.826,0.0,0.826,0.838,1.4459371112540824e-06,0.174,0.826,0.936,0.032,0.032,0.032,0.174,0.1858974358974359,0.011324786324786326,-0.011324786324786326,0.0,0.0,0.838,0.904,0.0010000000000000005,0.06896551724137931,0.08867521367521368,0.084,0.064,0.0,0.096,0.0,0.064,0.16352649359693805,0.064,0.826,0.0,0.0,0.01961334617038289,0.014651392399634243,0.084,9.875974313271122e-05,0.064,0.0014105614744689332,1000.0,0.096,0.06896551724137931,0.08867521367521368,0.065,1.3564328480020032e-05,0.027,10,10.0,0.064,0.16352649359693808,0.109,0.06399999999999995,64,1000,0.032,ecocsf,0.174,174,0.01961334617038289,0.084,24.183030055822087,-107.81696994417791,40052,75,0.08296460176991151,0.09783990004780138,88.44726964321245,904,False,0.0,132.0,27.0,132.0,True,83,0.08867521367521368,0.10433684111285946,0.004336841112859452,97.65928328163645,936,0.0
0.05,0.05498481988325947,1.0,0.041,0.016,0.025,0.155,0.841,0.028,28,5,0.17857142857142858,0.19887710868165168,5.568559043086247,28,0.065,134.0,0.134,0.134,0.103,11,0.09155766944114149,0.935,0.0,0.935,0.949,1.4800610041854793e-06,0.065,0.935,0.841,0.028,0.028,0.028,0.065,0.07728894173602854,0.008442330558858513,-0.008442330558858513,0.0,0.11538461538461539,0.949,0.813,0.0010000000000000005,0.2153846153846154,0.09155766944114149,0.08,0.159,0.0,0.187,0.0,0.159,0.33523925719020065,0.159,0.935,0.0,0.0,0.018460723085768047,0.014616554270724714,0.08,9.577090513715902e-05,0.159,0.010603939084760056,1000.0,0.187,0.2153846153846154,0.09155766944114149,0.155,8.092628569182482e-06,0.112,10,10.0,0.159,0.33523925719020065,0.191,0.15900000000000003,159,1000,0.028,ecocsf,0.065,65,0.018460723085768047,0.08,19.77883145443096,-114.22116854556904,40053,72,0.08856088560885608,0.10021183892603552,81.47222504686688,813,False,87.0,134.0,21.0,63.0,True,77,0.09155766944114149,0.10349677061825581,0.003496770618255804,87.04078408995314,841,0.0
0.05,0.05643072459682868,1.0,0.019,0.0,0.019,0.097,0.902,0.01,10,0,0.0,0.0,0.0,10,0.079,40.0,0.04,0.04,0.04,12,0.07538802660753881,0.921,0.0,0.921,0.929,8.981318546880681e-07,0.079,0.921,0.902,0.01,0.01,0.01,0.079,0.08758314855875832,0.024611973392461198,-0.024611973392461198,0.0,0.0012658227848101195,0.929,0.892,0.0010000000000000005,0.10126582278481013,0.07538802660753881,0.084,0.098,0.0,0.108,0.0,0.098,0.21199164579464191,0.098,0.921,0.0,0.0,0.010500124102601345,0.013064592903363405,0.084,0.0001009449932503876,0.098,0.005122787819699339,1000.0,0.108,0.10126582278481013,0.07538802660753881,0.097,8.533986133274722e-06,0.059,8,8.0,0.098,0.21199164579464183,0.113,0.09799999999999998,98,1000,0.01,ecocsf,0.079,79,0.010500124102601345,0.084,22.85814630107455,-17.14185369892545,40054,68,0.07623318385650224,0.09484109412252124,84.59825595728896,892,False,40.0,40.0,0.0,0.0,True,68,0.07538802660753881,0.09378964075087468,-0.00621035924912533,84.59825595728896,902,0.0
0.05,0.06349817961130572,0.0,0.036,0.016,0.02,0.052,0.903,0.035,35,5,0.14285714285714285,0.1516189610094325,5.306663635330138,35,0.607,63.0,0.063,0.063,0.017,13,0.06201550387596899,0.393,0.044,0.393,0.442,7.987117038739865e-07,0.607,0.393,0.903,0.035,0.035,0.035,0.607,0.6722037652270211,0.037984496124031014,-0.037984496124031014,0.0,0.0,0.442,0.868,0.0010000000000000005,0.08072487644151564,0.06201550387596899,0.054,0.097,0.0,0.132,0.0,0.097,1.0046164367259662,0.097,0.393,0.0,0.0,0.004081529116268232,0.006659792772828203,0.054,9.66331067426332e-05,0.097,0.0013310251949693987,1000.0,0.132,0.08072487644151564,0.06201550387596899,0.052,5.6632805807159276e-05,0.021,0,0.0,0.097,1.0046164367259662,0.923,0.09699999999999998,97,1000,0.035,ecocsf,0.607,607,0.004081529116268232,0.054,0.6637367705775521,-62.33626322942245,40055,51,0.0587557603686636,0.0839557340838849,72.87357718481209,868,False,0.0,63.0,17.0,61.0,True,56,0.06201550387596899,0.08657833977867359,-0.013421660221326417,78.18024082014225,903,0.0
0.05,0.05112664978095755,1.0,0.057,0.014,0.043,0.281,0.73,0.06,60,17,0.2833333333333333,0.2910463922710817,17.4627835362649,60,0.194,212.0,0.212,0.212,0.145,14,0.09315068493150686,0.806,0.003,0.806,0.817,3.875120899339587e-06,0.194,0.806,0.73,0.06,0.06,0.06,0.194,0.26575342465753427,0.00684931506849315,-0.00684931506849315,0.0,0.0,0.817,0.67,0.0010000000000000005,0.05670103092783505,0.09315068493150686,0.07,0.27,0.0,0.33,0.0,0.27,0.6374163449443327,0.27,0.806,0.0,0.0,0.018349725913121083,0.019078735435024786,0.07,0.0001014126979454017,0.27,0.01548815818165253,1000.0,0.33,0.05670103092783505,0.09315068493150686,0.281,1.947095049538574e-05,0.174,5,5.0,0.27,0.6374163449443327,0.34,0.27,270,1000,0.06,ecocsf,0.194,194,0.018349725913121083,0.07,12.511118837415776,-199.48888116258422,40056,51,0.07611940298507462,0.09068964668088843,60.76206327619525,670,False,127.0,212.0,18.0,85.0,True,68,0.09315068493150686,0.10715732440063033,0.007157324400630327,78.22484681246014,730,0.0
0.05,0.05186292341743536,1.0,0.116,0.012,0.104,0.31,0.611,0.115,115,35,0.30434782608695654,0.32503841929117605,37.37941821848525,115,0.255,166.0,0.166,0.166,0.074,15,0.12929623567921442,0.745,0.001,0.745,0.77,1.0385002491280978e-05,0.255,0.745,0.611,0.115,0.115,0.115,0.255,0.41734860883797054,0.02929623567921441,0.02929623567921441,0.02929623567921441,0.0,0.77,0.496,0.0010000000000000005,0.09803921568627451,0.12929623567921442,0.052,0.389,0.0,0.504,0.0,0.389,0.6720448738646364,0.389,0.745,0.0,0.0,0.030457028959161952,0.02690769438259583,0.052,0.00010143652128272632,0.389,0.01938311081185679,1000.0,0.504,0.09803921568627451,0.12929623567921442,0.31,2.2279009211950516e-05,0.166,6,6.0,0.389,0.6720448738646356,0.443,0.389,389,1000,0.115,ecocsf,0.255,255,0.030457028959161952,0.052,15.119338831042741,-150.88066116895726,40057,44,0.08870967741935484,0.09589236538701125,47.56261323195758,496,False,37.0,166.0,37.0,129.0,True,79,0.12929623567921442,0.13902132806946452,0.03902132806946451,84.94203145044283,611,0.0
0.05,0.0523222332310978,1.0,0.086,0.001,0.085,0.21,0.77,0.057,57,21,0.3684210526315789,0.3684210526315789,21.0,57,0.191,166.0,0.166,0.166,0.052,16,0.09090909090909091,0.809,0.004,0.809,0.827,4.713239448637932e-06,0.191,0.809,0.77,0.057,0.057,0.057,0.191,0.24805194805194805,0.009090909090909094,-0.009090909090909094,0.0,0.0,0.827,0.713,0.0010000000000000005,0.09424083769633508,0.09090909090909091,0.059,0.23,0.0,0.287,0.0,0.23,0.4355030053327803,0.23,0.809,0.0,0.0,0.011854468437471243,0.023808207559833056,0.059,9.644974512476862e-05,0.23,0.010643830866601693,1000.0,0.287,0.09424083769633508,0.09090909090909091,0.21,2.249820966610122e-05,0.136,9,9.0,0.23,0.4355030053327804,0.27,0.22999999999999998,230,1000,0.057,ecocsf,0.191,191,0.011854468437471243,0.059,20.876221542136342,-145.12377845786366,40058,49,0.06872370266479663,0.07793507417406581,55.56770788610892,713,False,26.0,166.0,26.0,140.0,True,70,0.09090909090909091,0.09943858167027134,-0.000561418329728669,76.56770788610893,770,0.0
0.05,0.05585567413266438,1.0,0.028,0.0,0.028,0.124,0.875,0.07,70,28,0.4,0.4034337234735041,28.240360643145287,70,0.222,53.0,0.053,0.053,0.021,17,0.11428571428571428,0.778,0.005,0.778,0.795,5.4272996339219136e-06,0.222,0.778,0.875,0.07,0.07,0.07,0.222,0.2537142857142857,0.014285714285714277,0.014285714285714277,0.014285714285714277,0.0,0.795,0.805,0.0010000000000000005,0.07657657657657657,0.11428571428571428,0.076,0.125,0.0,0.195,0.0,0.125,0.261700351976538,0.125,0.778,0.0,0.0,0.03596456040040709,0.026115541803843376,0.076,8.749498213491861e-05,0.125,0.006997420593192218,1000.0,0.195,0.07657657657657657,0.11428571428571428,0.124,2.3810476893224496e-05,0.049,7,7.0,0.125,0.2617003519765382,0.183,0.125,125,1000,0.07,ecocsf,0.222,222,0.03596456040040709,0.076,21.897017203046573,-31.102982796953427,40059,72,0.08944099378881988,0.10391490607600447,83.65149939118359,805,False,9.0,53.0,12.0,44.0,True,100,0.11428571428571428,0.12787641146780443,0.027876411467804424,111.89186003432889,875,0.0
0.05,0.05806901724675003,1.0,0.01,0.008,0.002,0.035,0.926,0.053,53,3,0.05660377358490566,0.09208424354016514,4.8804649076287525,53,0.047,41.0,0.041,0.041,0.01,18,0.0755939524838013,0.953,0.0,0.953,0.956,4.781613251507253e-06,0.047,0.953,0.926,0.053,0.053,0.053,0.047,0.05075593952483801,0.02440604751619871,-0.02440604751619871,0.0,0.0,0.956,0.873,0.0010000000000000005,0.06382978723404255,0.0755939524838013,0.069,0.074,0.0,0.127,0.0,0.074,0.2067587321073903,0.074,0.953,0.0,0.0,0.02296335013771681,0.018871301836748445,0.069,0.00010163624303544333,0.074,0.0019275801353651604,1000.0,0.127,0.06382978723404255,0.0755939524838013,0.035,5.3695998217927545e-06,0.004,8,8.0,0.074,0.20675873210739035,0.147,0.07399999999999995,74,1000,0.053,ecocsf,0.047,47,0.02296335013771681,0.069,20.667716324138006,-20.332283675861994,40060,67,0.07674684994272624,0.11278865805451854,98.46449848159469,873,False,0.0,41.0,10.0,41.0,True,70,0.0755939524838013,0.11160363216978773,0.011603632169787728,103.34496338922344,926,0.0
0.05,0.05456755430661991,1.0,0.051,0.031,0.02,0.12,0.741,0.095,95,14,0.14736842105263157,0.20040911848127188,19.03886625572083,95,0.108,144.0,0.144,0.144,0.038,19,0.09986504723346828,0.892,0.0,0.892,0.906,6.214982889022693e-06,0.108,0.892,0.741,0.095,0.095,0.095,0.108,0.145748987854251,0.00013495276653172072,-0.00013495276653172072,0.0,0.029629629629629617,0.906,0.646,0.0010000000000000005,0.12962962962962962,0.09986504723346828,0.066,0.259,0.0,0.354,0.0,0.259,0.5169088863990642,0.259,0.892,0.0,0.0,0.027026780549585867,0.016923949427248845,0.066,9.171786860108761e-05,0.259,0.0057208355990599,1000.0,0.354,0.12962962962962962,0.09986504723346828,0.12,7.760001336863509e-06,0.027,7,7.0,0.259,0.5169088863990643,0.345,0.259,259,1000,0.095,ecocsf,0.108,108,0.027026780549585867,0.066,17.064166232678826,-126.93583376732117,40061,60,0.09287925696594428,0.11037600183109487,71.30289718288729,646,False,0.0,144.0,38.0,143.0,True,74,0.09986504723346828,0.12191870909393811,0.021918709093938102,90.34176343860814,741,0.0
0.05,0.06271280473415322,0.0,0.013,0.011,0.002,0.079,0.886,0.015,15,3,0.2,0.24086033729032266,3.6129050593548397,15,0.613,61.0,0.061,0.061,0.034,20,0.05304740406320542,0.387,0.005,0.387,0.416,6.255138768871882e-07,0.613,0.387,0.886,0.015,0.015,0.015,0.613,0.6918735891647856,0.046952595936794586,-0.046952595936794586,0.0,0.0,0.416,0.871,0.0010000000000000005,0.04730831973898858,0.05304740406320542,0.051,0.114,0.0,0.129,0.0,0.114,1.0878644610221966,0.114,0.387,0.0,0.0,0.005451772822746988,0.006419308840632008,0.051,9.665901199696802e-05,0.114,0.002307407389694889,1000.0,0.129,0.04730831973898858,0.05304740406320542,0.079,6.201829571647526e-05,0.025,0,0.0,0.114,1.087864461022195,0.917,0.11399999999999999,114,1000,0.015,ecocsf,0.613,613,0.005451772822746988,0.051,1.0253421114387138,-59.97465788856129,40062,44,0.0505166475315729,0.08503373322649745,74.06438164027928,871,False,23.0,61.0,11.0,38.0,True,47,0.05304740406320542,0.08767188115082858,-0.012328118849171427,77.67728669963412,886,0.0
0.05,0.05569704237389012,1.0,0.016,0.0,0.016,0.115,0.886,0.009,9,3,0.3333333333333333,0.3333333333333333,3.0,9,0.074,101.0,0.101,0.101,0.091,21,0.08126410835214447,0.926,0.001,0.926,0.939,5.127178025394934e-07,0.074,0.926,0.886,0.009,0.009,0.009,0.074,0.0835214446952596,0.018735891647855538,-0.018735891647855538,0.0,0.07567567567567568,0.939,0.877,0.0010000000000000005,0.17567567567567569,0.08126410835214447,0.084,0.113,0.0,0.123,0.0,0.114,0.22282691398623064,0.114,0.926,0.0,0.0,0.013132916230244818,0.010489355177266851,0.084,0.00010005692563432989,0.114,0.006570103088149688,1000.0,0.123,0.17567567567567569,0.08126410835214447,0.115,6.21388432833056e-06,0.107,10,10.0,0.114,0.22282691398623067,0.13,0.11399999999999999,114,1000,0.009,ecocsf,0.074,74,0.013132916230244818,0.084,22.79327226724999,-78.20672773275001,40063,69,0.07867730900798175,0.09378065454137291,82.24563403278404,877,False,91.0,101.0,0.0,10.0,True,72,0.08126410835214447,0.09621403389704745,-0.003785966102952551,85.24563403278404,886,0.0
0.05,0.057270145964914664,1.0,0.026,0.018,0.008,0.053,0.926,0.052,52,8,0.15384615384615385,0.17105959203490445,8.895098785815032,52,0.145,80.0,0.08,0.08,0.019,22,0.08315334773218143,0.855,0.0,0.855,0.859,3.5322825601816207e-06,0.145,0.855,0.926,0.052,0.052,0.052,0.145,0.15658747300215983,0.016846652267818576,-0.016846652267818576,0.0,0.0,0.859,0.874,0.0010000000000000005,0.027586206896551724,0.08315334773218143,0.071,0.074,0.0,0.126,0.0,0.074,0.3372769350522737,0.074,0.855,0.0,0.0,0.011404827929873379,0.018349617897018264,0.071,9.014074923601692e-05,0.074,0.0025620698370013143,1000.0,0.126,0.027586206896551724,0.08315334773218143,0.053,8.40800167770073e-06,0.009,9,9.0,0.074,0.33727693505227374,0.238,0.07399999999999995,74,1000,0.052,ecocsf,0.145,145,0.011404827929873379,0.071,20.283552378629384,-59.71644762137062,40064,69,0.07894736842105263,0.09341191270507936,81.64201170423935,874,False,0.0,80.0,19.0,80.0,True,77,0.08315334773218143,0.09777225754865485,-0.0022277424513451605,90.53711049005439,926,0.0
0.05,0.055479451773261766,1.0,0.0,0.0,0.0,0.075,0.917,0.018,18,4,0.2222222222222222,0.2222222222222222,4.0,18,0.13,0.0,0.0,0.0,0.0,23,0.08505997818974918,0.87,0.0,0.87,0.884,1.4833274586191435e-06,0.13,0.87,0.917,0.018,0.018,0.018,0.13,0.14176663031624864,0.014940021810250823,-0.014940021810250823,0.0,0.007692307692307693,0.884,0.899,0.0010000000000000005,0.1076923076923077,0.08505997818974918,0.083,0.083,0.0,0.101,0.0,0.083,0.12228850332902061,0.083,0.87,0.0,0.0,0.01904108482356944,0.018247692613045055,0.083,9.583172757699968e-05,0.083,0.004475722286425984,1000.0,0.101,0.1076923076923077,0.08505997818974918,0.075,1.1959832739180072e-05,0.0,12,12.0,0.083,0.12228850332902061,0.094,0.08299999999999996,83,1000,0.018,ecocsf,0.13,130,0.01904108482356944,0.083,25.099204466486515,25.099204466486515,40065,74,0.08231368186874305,0.10147320609809563,91.22441228218797,899,False,0.0,0.0,0.0,0.0,True,78,0.08505997818974918,0.10384341579300761,0.003843415793007607,95.22441228218798,917,1.0
0.05,0.05265735450911326,1.0,0.076,0.02,0.056,0.215,0.77,0.074,74,25,0.33783783783783783,0.3842824715128662,28.4369028919521,74,0.135,174.0,0.174,0.174,0.091,24,0.08961038961038961,0.865,0.149,0.865,0.879,3.032514944706825e-06,0.135,0.865,0.77,0.074,0.074,0.074,0.135,0.17532467532467533,0.010389610389610393,-0.010389610389610393,0.0,0.003703703703703695,0.879,0.696,0.0010000000000000005,0.1037037037037037,0.08961038961038961,0.054,0.23,0.0,0.304,0.0,0.23,0.5430781395376835,0.23,0.865,0.0,0.0,0.015417713104861017,0.014604715164823794,0.054,0.00011151878837871707,0.23,0.007307213408307617,1000.0,0.304,0.1037037037037037,0.08961038961038961,0.215,1.2004998585004419e-05,0.127,5,5.0,0.23,0.5430781395376834,0.326,0.22999999999999998,230,1000,0.074,ecocsf,0.135,135,0.015417713104861017,0.054,15.825758315648267,-158.17424168435173,40066,44,0.06321839080459771,0.07185822580117145,50.01332515761533,696,False,61.0,174.0,30.0,113.0,True,69,0.08961038961038961,0.10188341305138625,0.001883413051386243,78.45022804956741,770,0.0
0.05,0.05768231280948688,1.0,0.021,0.014,0.007,0.054,0.88,0.056,56,6,0.10714285714285714,0.11809571563610514,6.613360075621888,56,0.149,108.0,0.108,0.108,0.015,25,0.07954545454545454,0.851,0.032,0.851,0.864,3.068936076609771e-06,0.149,0.851,0.88,0.056,0.056,0.056,0.149,0.1693181818181818,0.02045454545454546,-0.02045454545454546,0.0,0.0,0.864,0.824,0.0010000000000000005,0.087248322147651,0.07954545454545454,0.068,0.12,0.0,0.176,0.0,0.12,0.5133195843371409,0.12,0.851,0.0,0.0,0.0029014764000057313,0.01382442451469263,0.068,0.0001125759980378703,0.12,0.002100726509228883,1000.0,0.176,0.087248322147651,0.07954545454545454,0.054,1.490647790234774e-05,0.008,7,7.0,0.12,0.513319584337141,0.371,0.12,120,1000,0.056,ecocsf,0.149,149,0.0029014764000057313,0.068,15.417354160866495,-92.5826458391335,40067,64,0.07766990291262135,0.08538477233130243,70.3570524009932,824,False,0.0,108.0,15.0,107.0,True,70,0.07954545454545454,0.0874663778143353,-0.0125336221856647,76.97041247661507,880,0.0
0.05,0.056774311704226234,0.0,0.0,0.0,0.0,0.267,0.253,0.106,106,3,0.02830188679245283,0.038743217882162,4.106781095509172,106,0.0,0.0,0.0,0.0,0.0,26,0.11067193675889328,1.0,0.0,1.0,1.0,7.538633626043408e-06,0.0,1.0,0.253,0.106,0.106,0.106,0.0,0.0,0.010671936758893275,0.010671936758893275,0.010671936758893275,,1.0,0.147,0.0010000000000000005,,0.11067193675889328,0.025,0.747,0.0,0.853,0.0,0.747,1.007594967101816,0.747,1.0,0.0,0.0,0.018218753263217424,0.015495155607578606,0.025,0.00010734497376536231,0.747,0.011851103345909636,1000.0,0.853,,0.11067193675889328,0.267,0.0,0.0,0,0.0,0.747,1.0075949671018154,0.825,0.747,747,1000,0.106,ecocsf,0.0,0,0.018218753263217424,0.025,1.9780800343100364,1.9780800343100364,40068,25,0.17006802721088435,0.20374561764456853,29.950605793751574,147,False,0.0,0.0,0.0,0.0,True,28,0.11067193675889328,0.1346141774279081,0.034614177427908094,34.05738688926075,253,1.0
0.05,0.05332183440739148,1.0,0.092,0.002,0.09,0.287,0.718,0.049,49,18,0.3673469387755102,0.39977567075634424,19.589007867060868,49,0.195,142.0,0.142,0.142,0.074,27,0.09331476323119778,0.805,0.001,0.805,0.81,3.280736116305131e-06,0.195,0.805,0.718,0.049,0.049,0.049,0.195,0.27158774373259054,0.006685236768802227,-0.006685236768802227,0.0,0.0,0.81,0.669,0.0010000000000000005,0.02564102564102564,0.09331476323119778,0.062,0.282,0.0,0.331,0.0,0.282,0.597056610384593,0.282,0.805,0.0,0.0,0.025717105174210768,0.018830177959727207,0.062,9.950345858115342e-05,0.282,0.012124549004785636,1000.0,0.331,0.02564102564102564,0.09331476323119778,0.287,1.96830140931939e-05,0.162,6,6.0,0.282,0.5970566103845929,0.336,0.28200000000000003,282,1000,0.049,ecocsf,0.195,195,0.025717105174210768,0.062,14.426831456251984,-127.57316854374801,40069,49,0.07324364723467862,0.09597732948199486,64.20883342345456,669,False,66.0,142.0,8.0,74.0,True,67,0.09331476323119778,0.11671008536283486,0.01671008536283486,83.79784129051544,718,0.0
0.05,0.05668610750041845,1.0,0.018,0.002,0.016,0.124,0.849,0.038,38,9,0.23684210526315788,0.27484925432654145,10.444271664408575,38,0.066,73.0,0.073,0.073,0.052,28,0.07420494699646643,0.934,0.0,0.934,0.943,1.9711550853227597e-06,0.066,0.934,0.849,0.038,0.038,0.038,0.066,0.07773851590106007,0.025795053003533575,-0.025795053003533575,0.0,0.03636363636363635,0.943,0.811,0.0010000000000000005,0.13636363636363635,0.07420494699646643,0.068,0.151,0.0,0.189,0.0,0.151,0.36148327553316356,0.151,0.934,0.0,0.0,0.01915973029175586,0.012687008427346932,0.068,8.813015514512431e-05,0.151,0.005263626456728278,1000.0,0.189,0.13636363636363635,0.07420494699646643,0.124,8.37192583397216e-06,0.066,9,9.0,0.151,0.36148327553316345,0.249,0.15100000000000002,151,1000,0.038,ecocsf,0.066,66,0.01915973029175586,0.068,21.94002294200524,-51.05997705799476,40070,54,0.06658446362515413,0.0969008800402832,78.58661371266967,811,False,46.0,73.0,6.0,27.0,True,63,0.07420494699646643,0.10486558937229476,0.004865589372294754,89.03088537707825,849,0.0
0.05,0.058763268828539834,1.0,0.013,0.0,0.013,0.109,0.868,0.031,31,1,0.03225806451612903,0.06685296878379257,2.0724420322975696,31,0.338,69.0,0.069,0.069,0.069,29,0.055299539170506916,0.662,0.005,0.662,0.678,1.417696291935318e-06,0.338,0.662,0.868,0.031,0.031,0.031,0.338,0.38940092165898615,0.04470046082949309,-0.04470046082949309,0.0,0.0,0.678,0.837,0.0010000000000000005,0.047337278106508875,0.055299539170506916,0.049,0.132,0.0,0.163,0.0,0.132,0.20450262591280732,0.132,0.662,0.0,0.0,0.002952451307590726,0.010305375893220002,0.049,9.801169301354888e-05,0.132,0.00759329525263582,1000.0,0.163,0.047337278106508875,0.055299539170506916,0.109,3.1679352639156834e-05,0.082,3,3.0,0.132,0.20450262591280732,0.165,0.132,132,1000,0.031,ecocsf,0.338,338,0.002952451307590726,0.049,8.211989362180388,-60.78801063781961,40071,47,0.056152927120669056,0.08613823843157489,72.09770556722819,837,False,69.0,69.0,0.0,0.0,True,48,0.055299539170506916,0.08544947880129694,-0.014550521198703065,74.17014759952575,868,0.0
0.05,0.05888320344373374,1.0,0.048,0.024,0.024,0.082,0.905,0.055,55,10,0.18181818181818182,0.18181818181818182,10.0,55,0.249,143.0,0.143,0.143,0.036,30,0.07624309392265194,0.751,0.028,0.751,0.768,4.5736232501539194e-06,0.249,0.751,0.905,0.055,0.055,0.055,0.249,0.2751381215469613,0.023756906077348067,-0.023756906077348067,0.0,0.0,0.768,0.85,0.0010000000000000005,0.06827309236947791,0.07624309392265194,0.06,0.095,0.0,0.15,0.0,0.095,0.5649827401488853,0.095,0.751,0.0,0.0,0.00616318025032489,0.013202612316952862,0.06,0.0001036669308679486,0.095,0.002964629775405199,1000.0,0.15,0.06827309236947791,0.07624309392265194,0.082,2.312608751702364e-05,0.036,5,5.0,0.095,0.5649827401488852,0.457,0.09499999999999997,95,1000,0.055,ecocsf,0.249,249,0.00616318025032489,0.06,13.678247447869236,-129.32175255213076,40072,59,0.06941176470588235,0.08733741588291584,74.23680350047846,850,False,0.0,143.0,36.0,143.0,True,69,0.07624309392265194,0.09307934088450655,-0.006920659115493458,84.23680350047843,905,0.0
0.05,0.05774987924354631,1.0,0.113,0.0,0.113,0.204,0.697,0.046,46,15,0.32608695652173914,0.3901145592965765,17.94526972764252,46,0.083,98.0,0.098,0.098,0.033,31,0.09325681492109039,0.917,0.003,0.917,0.927,3.024777402988763e-06,0.083,0.917,0.697,0.046,0.046,0.046,0.083,0.11908177905308465,0.006743185078909614,-0.006743185078909614,0.0,0.020481927710843367,0.927,0.651,0.0010000000000000005,0.12048192771084337,0.09325681492109039,0.053,0.303,0.0,0.349,0.0,0.303,0.4838572892052117,0.303,0.917,0.0,0.0,0.023324810608020698,0.012355531589047656,0.053,8.61114317558683e-05,0.303,0.0067369354064318885,1000.0,0.349,0.12048192771084337,0.09325681492109039,0.204,7.306748763276811e-06,0.146,6,6.0,0.303,0.4838572892052117,0.353,0.30300000000000005,303,1000,0.046,ecocsf,0.083,83,0.023324810608020698,0.053,15.84568300528389,-82.15431699471611,40073,50,0.07680491551459294,0.0938622400666156,61.10431828336676,651,False,14.0,98.0,19.0,83.0,True,65,0.09325681492109039,0.11341404305740212,0.013414043057402111,79.04958801100928,697,0.0
0.05,0.050563691162080024,1.0,0.142,0.019,0.123,0.329,0.645,0.054,54,16,0.2962962962962963,0.3232006865221029,17.452837072193557,54,0.198,310.0,0.31,0.31,0.12,32,0.10852713178294573,0.802,0.03,0.802,0.81,3.5930583306246557e-06,0.198,0.802,0.645,0.054,0.054,0.054,0.198,0.30697674418604654,0.00852713178294573,0.00852713178294573,0.00852713178294573,0.0,0.81,0.591,0.0010000000000000005,0.04040404040404041,0.10852713178294573,0.077,0.355,0.0,0.409,0.0,0.355,0.7145473586556443,0.355,0.802,0.0,0.0,0.02391337280935221,0.022144386290695126,0.077,9.24054839037484e-05,0.355,0.019784367658518015,1000.0,0.409,0.04040404040404041,0.10852713178294573,0.329,1.8502122670456482e-05,0.224,4,4.0,0.355,0.7145473586556451,0.406,0.355,355,1000,0.054,ecocsf,0.198,198,0.02391337280935221,0.077,12.302789402332753,-297.69721059766727,40074,54,0.09137055837563451,0.09738340789810977,57.553594067782875,591,False,69.0,310.0,60.0,252.0,True,70,0.10852713178294573,0.11628904052709524,0.016289040527095233,75.00643113997643,645,0.0
0.05,0.056674995162694176,1.0,0.066,0.013,0.053,0.181,0.785,0.075,75,20,0.26666666666666666,0.26864303125160494,20.14822734387037,75,0.121,198.0,0.198,0.198,0.096,33,0.06878980891719745,0.879,0.07,0.879,0.885,4.845678193875886e-06,0.121,0.879,0.785,0.075,0.075,0.075,0.121,0.15414012738853503,0.031210191082802555,-0.031210191082802555,0.0,0.0,0.885,0.71,0.0010000000000000005,0.049586776859504134,0.06878980891719745,0.044,0.215,0.0,0.29,0.0,0.215,0.8123437930361085,0.215,0.879,0.0,0.0,0.00340524974740199,0.013686034097807252,0.044,9.716457658883151e-05,0.215,0.009682954052611822,1000.0,0.29,0.049586776859504134,0.06878980891719745,0.181,1.4018912450004673e-05,0.136,3,3.0,0.215,0.8123437930361096,0.609,0.21499999999999997,215,1000,0.075,ecocsf,0.121,121,0.00340524974740199,0.044,8.227423446660406,-189.7725765533396,40075,34,0.04788732394366197,0.06986295858789736,49.60270059740712,710,False,66.0,198.0,30.0,131.0,True,54,0.06878980891719745,0.08885468527551275,-0.011145314724487251,69.75092794127751,785,0.0
0.05,0.05429884769262545,1.0,0.054,0.0,0.054,0.246,0.686,0.091,91,19,0.2087912087912088,0.2298246061489614,20.91403915955549,91,0.253,68.0,0.068,0.068,0.041,34,0.09037900874635568,0.747,0.12,0.747,0.763,5.492174786408572e-06,0.253,0.747,0.686,0.091,0.091,0.091,0.253,0.3688046647230321,0.009620991253644323,-0.009620991253644323,0.0,0.0,0.763,0.595,0.0010000000000000005,0.06324110671936758,0.09037900874635568,0.074,0.314,0.0,0.405,0.0,0.314,0.8151878543293914,0.314,0.747,0.0,0.0,0.014827041706921337,0.01679747669903029,0.074,0.00010425249184099552,0.314,0.009284838264825629,1000.0,0.405,0.06324110671936758,0.09037900874635568,0.246,2.9405994519131958e-05,0.095,3,3.0,0.314,0.8151878543293921,0.573,0.31399999999999995,314,1000,0.091,ecocsf,0.253,253,0.014827041706921337,0.074,8.647584283318398,-59.352415716681605,40076,43,0.07226890756302522,0.08572298711558668,51.00517733377408,595,False,37.0,68.0,4.0,31.0,True,62,0.09037900874635568,0.10483850800776906,0.0048385080077690545,71.91921649332957,686,0.0
0.05,0.061066758643099794,1.0,0.031,0.005,0.026,0.06,0.92,0.049,49,10,0.20408163265306123,0.2585318818569516,12.668062210990627,49,0.576,91.0,0.091,0.091,0.014,35,0.058695652173913045,0.424,0.061,0.424,0.458,2.1844118958817654e-06,0.576,0.424,0.92,0.049,0.049,0.049,0.576,0.6260869565217392,0.04130434782608696,-0.04130434782608696,0.0,0.0,0.458,0.871,0.0010000000000000005,0.059027777777777776,0.058695652173913045,0.044,0.08,0.0,0.129,0.0,0.08,0.9151093052828084,0.08,0.424,0.0,0.0,0.003512849570241824,0.007022581870897233,0.044,0.00011084541403824367,0.08,0.0013790057784975852,1000.0,0.129,0.059027777777777776,0.058695652173913045,0.06,6.224094963775507e-05,0.035,1,1.0,0.08,0.9151093052828089,0.83,0.07999999999999996,80,1000,0.049,ecocsf,0.576,576,0.003512849570241824,0.044,2.285635066579865,-88.71436493342013,40077,44,0.0505166475315729,0.07810470637787922,68.02919925513281,871,False,9.0,91.0,5.0,82.0,True,54,0.058695652173913045,0.08771441463709069,-0.012285585362909315,80.69726146612344,920,0.0
0.05,0.0610588189838125,0.0,0.023,0.0,0.023,0.064,0.959,0.059,59,18,0.3050847457627119,0.35730105344052004,21.080762152990683,59,0.605,14.0,0.014,0.014,0.014,36,0.06882168925964546,0.395,0.04,0.395,0.434,1.1027104735030544e-06,0.605,0.395,0.959,0.059,0.059,0.059,0.605,0.6308654848800834,0.031178310740354542,-0.031178310740354542,0.0,0.0,0.434,0.9,0.0010000000000000005,0.06446280991735537,0.06882168925964546,0.052,0.041,0.0,0.1,0.0,0.041,0.9911552121650897,0.041,0.395,0.0,0.0,0.009209249795263656,0.005454764680897213,0.052,0.00010815334666055243,0.041,0.001153133287646933,1000.0,0.1,0.06446280991735537,0.06882168925964546,0.064,6.598564712278644e-05,0.037,0,0.0,0.041,0.9911552121650912,0.889,0.041000000000000036,41,1000,0.059,ecocsf,0.605,605,0.009209249795263656,0.052,0.44798496323613324,-13.552015036763867,40078,48,0.05333333333333334,0.07570133123975102,68.13119811577592,900,False,14.0,14.0,0.0,0.0,True,66,0.06882168925964546,0.0930260273918317,-0.006973972608168302,89.2119602687666,959,0.0
0.05,0.05650688270822859,1.0,0.009,0.0,0.009,0.076,0.928,0.022,22,8,0.36363636363636365,0.37201931168292984,8.184424857024457,22,0.355,60.0,0.06,0.06,0.06,37,0.08081896551724138,0.645,0.002,0.645,0.674,1.0453048547370379e-06,0.355,0.645,0.928,0.022,0.022,0.022,0.355,0.38254310344827586,0.019181034482758624,-0.019181034482758624,0.0,0.0,0.674,0.906,0.0010000000000000005,0.08169014084507042,0.08081896551724138,0.079,0.072,0.0,0.094,0.0,0.072,0.19343743646001868,0.072,0.645,0.0,0.0,0.01903861836139707,0.013085289244227008,0.079,8.455096581645499e-05,0.072,0.005385326128432009,1000.0,0.094,0.08169014084507042,0.08081896551724138,0.076,2.8089108669070045e-05,0.069,7,7.0,0.072,0.19343743646001865,0.122,0.07199999999999995,72,1000,0.022,ecocsf,0.355,355,0.01903861836139707,0.079,20.892955769910145,-39.107044230089855,40079,67,0.0739514348785872,0.09679856331027507,87.69949835910921,906,False,60.0,60.0,0.0,0.0,True,75,0.08081896551724138,0.1033231931208337,0.0033231931208336923,95.88392321613367,928,0.0
0.05,0.06024100968824808,1.0,0.026,0.008,0.018,0.052,0.941,0.033,33,4,0.12121212121212122,0.13582424163566162,4.482199973976833,33,0.31,63.0,0.063,0.063,0.015,38,0.05526036131774708,0.69,0.016,0.69,0.712,1.2253564445508155e-06,0.31,0.69,0.941,0.033,0.033,0.033,0.31,0.3294367693942614,0.044739638682252926,-0.044739638682252926,0.0,0.0,0.712,0.908,0.0010000000000000005,0.07096774193548387,0.05526036131774708,0.057,0.059,0.0,0.092,0.0,0.059,0.15037845164147237,0.059,0.69,0.0,0.0,0.002590728082273588,0.009655777033636244,0.057,0.00010715454568703555,0.059,0.002285634507709439,1000.0,0.092,0.07096774193548387,0.05526036131774708,0.052,3.5379271082190815e-05,0.025,1,1.0,0.059,0.15037845164147237,0.097,0.05900000000000005,59,1000,0.033,ecocsf,0.31,310,0.002590728082273588,0.057,5.0314776535096435,-57.96852234649036,40080,48,0.05286343612334802,0.084178286952475,76.4338845528473,908,False,7.0,63.0,8.0,56.0,True,52,0.05526036131774708,0.08598946283403203,-0.014010537165967979,80.91608452682414,941,0.0
0.05,0.048668443199845195,1.0,0.128,0.032,0.096,0.363,0.641,0.076,76,29,0.3815789473684211,0.420768630049095,31.97841588373122,76,0.166,357.0,0.357,0.357,0.196,39,0.0998439937597504,0.834,0.003,0.834,0.838,4.94103655825973e-06,0.166,0.834,0.641,0.076,0.076,0.076,0.166,0.2589703588143526,0.00015600624024961207,-0.00015600624024961207,0.0,0.0,0.838,0.565,0.0010000000000000005,0.024096385542168676,0.0998439937597504,0.06,0.359,0.0,0.435,0.0,0.359,0.7813111122198015,0.359,0.834,0.0,0.0,0.01837166984266468,0.022648096287404808,0.06,0.00011131772214901874,0.359,0.020665219921096736,1000.0,0.435,0.024096385542168676,0.0998439937597504,0.363,1.9236500571727346e-05,0.26,4,4.0,0.359,0.781311112219802,0.437,0.359,359,1000,0.076,ecocsf,0.166,166,0.01837166984266468,0.06,10.263312117193031,-346.73668788280696,40081,35,0.061946902654867256,0.06802529295078383,38.43429051719286,565,False,127.0,357.0,74.0,253.0,True,64,0.0998439937597504,0.10984821591407815,0.00984821591407814,70.4127064009241,641,0.0
0.05,0.05363142600815489,1.0,0.071,0.012,0.059,0.28,0.591,0.114,114,20,0.17543859649122806,0.2452511250164529,27.95862825187563,114,0.218,148.0,0.148,0.148,0.129,40,0.077834179357022,0.782,0.002,0.782,0.792,5.836038863888973e-06,0.218,0.782,0.591,0.114,0.114,0.114,0.218,0.3688663282571912,0.022165820642978007,-0.022165820642978007,0.0,0.0,0.792,0.477,0.0010000000000000005,0.045871559633027525,0.077834179357022,0.037,0.409,0.0,0.523,0.0,0.409,0.8493866399513457,0.409,0.782,0.0,0.0,0.013808850472124034,0.012491116687858366,0.037,0.00010435245694971615,0.409,0.01262054976220317,1000.0,0.523,0.045871559633027525,0.077834179357022,0.28,1.913368342132611e-05,0.176,2,2.0,0.409,0.8493866399513443,0.59,0.40900000000000003,409,1000,0.114,ecocsf,0.218,218,0.013808850472124034,0.037,7.719852298722547,-140.28014770127746,40082,26,0.05450733752620545,0.07083073602544462,33.78626108413709,477,False,114.0,148.0,15.0,33.0,True,46,0.077834179357022,0.1044752780643193,0.004475278064319299,61.74488933601271,591,0.0
0.05,0.056248472717233586,1.0,0.061,0.021,0.04,0.121,0.765,0.086,86,5,0.05813953488372093,0.06515688231678651,5.60349187924364,86,0.126,139.0,0.139,0.139,0.043,41,0.08627450980392157,0.874,0.003,0.874,0.895,4.666300711551073e-06,0.126,0.874,0.765,0.086,0.086,0.086,0.126,0.16470588235294117,0.013725490196078438,-0.013725490196078438,0.0,0.06666666666666665,0.895,0.679,0.0010000000000000005,0.16666666666666666,0.08627450980392157,0.063,0.225,0.0,0.321,0.0,0.235,0.5778331992106678,0.235,0.874,0.0,0.0,0.012871636109261763,0.013357398084396881,0.063,0.00010761032505182299,0.235,0.004192613005171437,1000.0,0.321,0.16666666666666666,0.08627450980392157,0.121,1.3087823039326513e-05,0.062,4,4.0,0.235,0.5778331992106674,0.397,0.235,235,1000,0.086,ecocsf,0.126,126,0.012871636109261763,0.063,13.873850930958307,-125.12614906904169,40083,61,0.0898379970544919,0.10520536810245776,71.43444494156881,679,False,13.0,139.0,30.0,126.0,True,66,0.08627450980392157,0.10070318538668295,0.0007031853866829446,77.03793682081246,765,0.0
0.05,0.05240688995950335,1.0,0.074,0.009,0.065,0.207,0.773,0.068,68,20,0.29411764705882354,0.3053428741449454,20.763315441856285,68,0.199,197.0,0.197,0.197,0.08,42,0.08796895213454076,0.801,0.0,0.801,0.819,4.8168555146454634e-06,0.199,0.801,0.773,0.068,0.068,0.068,0.199,0.2574385510996119,0.012031047865459249,-0.012031047865459249,0.0,0.0,0.819,0.705,0.0010000000000000005,0.09045226130653267,0.08796895213454076,0.07,0.227,0.0,0.295,0.0,0.227,0.5036352768208654,0.227,0.801,0.0,0.0,0.019248552418998498,0.01943595522905415,0.07,0.00010172892093423347,0.227,0.013667794158730576,1000.0,0.295,0.09045226130653267,0.08796895213454076,0.207,1.808665820140784e-05,0.136,7,7.0,0.227,0.5036352768208654,0.301,0.22699999999999998,227,1000,0.068,ecocsf,0.199,199,0.019248552418998498,0.07,16.466502379866288,-180.53349762013372,40084,48,0.06808510638297872,0.0902157340309038,63.60209249178718,705,False,54.0,197.0,29.0,162.0,True,68,0.08796895213454076,0.10914024312243654,0.00914024312243654,84.36540793364345,773,0.0
0.05,0.056080465680700985,1.0,0.047,0.015,0.032,0.133,0.733,0.096,96,15,0.15625,0.15735906055331678,15.10646981311841,96,0.106,104.0,0.104,0.104,0.025,43,0.10368349249658936,0.894,0.001,0.894,0.913,7.923418729614311e-06,0.106,0.894,0.733,0.096,0.096,0.096,0.106,0.1446111869031378,0.0036834924965893495,0.0036834924965893495,0.0036834924965893495,0.0792452830188679,0.913,0.637,0.0010000000000000005,0.1792452830188679,0.10368349249658936,0.065,0.267,0.0,0.363,0.0,0.267,0.5372483221074574,0.267,0.894,0.0,0.0,0.018452296455403264,0.019046364337259484,0.065,9.343688176372802e-05,0.267,0.007332691711449603,1000.0,0.363,0.1792452830188679,0.10368349249658936,0.133,7.307729200358527e-06,0.042,8,8.0,0.267,0.5372483221074574,0.335,0.267,267,1000,0.096,ecocsf,0.106,106,0.018452296455403264,0.065,16.605298525910296,-87.3947014740897,40085,61,0.09576138147566719,0.10607416855871066,67.56924537189869,637,False,0.0,104.0,25.0,104.0,True,76,0.10368349249658936,0.11279088019784053,0.012790880197840526,82.67571518501711,733,0.0
0.05,0.05900089793377139,1.0,0.055,0.0,0.055,0.281,0.506,0.038,38,0,0.0,0.02877402875657168,1.0934130927497239,38,0.012,26.0,0.026,0.026,0.026,44,0.06521739130434782,0.988,0.0,0.988,0.988,2.2016828177155923e-06,0.012,0.988,0.506,0.038,0.038,0.038,0.012,0.023715415019762844,0.03478260869565218,-0.03478260869565218,0.0,0.0,0.988,0.468,0.0010000000000000005,0.0,0.06521739130434782,0.039,0.494,0.0,0.532,0.0,0.494,0.8160188407584605,0.494,0.988,0.0,0.0,0.006094985175811359,0.010564618120838068,0.039,9.817432730229212e-05,0.494,0.0055586304596987775,1000.0,0.532,0.0,0.06521739130434782,0.281,1.1392901940375425e-06,0.081,2,2.0,0.494,0.8160188407584609,0.681,0.494,494,1000,0.038,ecocsf,0.012,12,0.006094985175811359,0.039,7.010554643368745,-18.989445356631254,40086,33,0.07051282051282051,0.0871864420956773,40.80325490077698,468,False,26.0,26.0,0.0,0.0,True,33,0.06521739130434782,0.08279973911764171,-0.017200260882358293,41.896667993526705,506,0.0
0.05,0.05146487554930393,1.0,0.062,0.01,0.052,0.24,0.765,0.076,76,15,0.19736842105263158,0.24587253917750404,18.686312977490307,76,0.154,190.0,0.19,0.19,0.118,45,0.08104575163398693,0.846,0.0,0.846,0.863,4.163506287495088e-06,0.154,0.846,0.765,0.076,0.076,0.076,0.154,0.20130718954248367,0.018954248366013074,-0.018954248366013074,0.0,0.01038961038961038,0.863,0.689,0.0010000000000000005,0.11038961038961038,0.08104575163398693,0.063,0.235,0.0,0.311,0.0,0.235,0.5403765997421072,0.235,0.846,0.0,0.0,0.015373153540581549,0.01610961253667636,0.063,9.737989187427761e-05,0.235,0.011911213600329418,1000.0,0.311,0.11038961038961038,0.08104575163398693,0.24,1.030540503656473e-05,0.16,6,6.0,0.235,0.5403765997421069,0.312,0.235,235,1000,0.076,ecocsf,0.154,154,0.015373153540581549,0.063,14.574822456268645,-175.42517754373137,40087,47,0.06821480406386067,0.0875912145872074,60.35034685058589,689,False,93.0,190.0,27.0,98.0,True,62,0.08104575163398693,0.10331589520009958,0.003315895200099575,79.03665982807618,765,0.0
0.05,0.05117883663914279,1.0,0.065,0.013,0.052,0.26,0.702,0.111,111,26,0.23423423423423423,0.25174920314072996,27.944161548621025,111,0.136,145.0,0.145,0.145,0.067,46,0.10398860398860399,0.864,0.002,0.864,0.869,7.175149292556856e-06,0.136,0.864,0.702,0.111,0.111,0.111,0.136,0.19373219373219372,0.003988603988603984,0.003988603988603984,0.003988603988603984,0.0,0.869,0.591,0.0010000000000000005,0.03676470588235294,0.10398860398860399,0.056,0.298,0.0,0.409,0.0,0.298,0.652628223534231,0.298,0.864,0.0,0.0,0.02444961100699246,0.022193577581049468,0.056,0.00010936162741407524,0.298,0.01425109789380618,1000.0,0.409,0.03676470588235294,0.10398860398860399,0.26,1.6938018107845585e-05,0.106,4,4.0,0.298,0.6526282235342309,0.391,0.29800000000000004,298,1000,0.111,ecocsf,0.136,136,0.02444961100699246,0.056,12.450789315123423,-132.54921068487658,40088,47,0.07952622673434856,0.09624466793727211,56.88059875092782,591,False,35.0,145.0,32.0,110.0,True,73,0.10398860398860399,0.1208329918796992,0.020832991879699198,84.82476029954884,702,0.0
0.05,0.05198229620055753,1.0,0.065,0.009,0.056,0.216,0.642,0.088,88,7,0.07954545454545454,0.09334907963743634,8.214719008094399,88,0.231,193.0,0.193,0.193,0.096,47,0.08566978193146417,0.769,0.0,0.769,0.797,3.0543179861699664e-06,0.231,0.769,0.642,0.088,0.088,0.088,0.231,0.3598130841121495,0.014330218068535835,-0.014330218068535835,0.0,0.02121212121212121,0.797,0.554,0.0010000000000000005,0.12121212121212122,0.08566978193146417,0.059,0.352,0.0,0.446,0.0,0.358,0.7267520719638348,0.358,0.769,0.0,0.0,0.013010591909339404,0.011653675052329315,0.059,9.733740205059122e-05,0.358,0.00866290592058361,1000.0,0.446,0.12121212121212122,0.08566978193146417,0.216,1.8242625818333423e-05,0.143,4,4.0,0.358,0.7267520719638354,0.463,0.358,358,1000,0.088,ecocsf,0.231,231,0.013010591909339404,0.059,10.477556690513175,-182.52244330948682,40089,48,0.08664259927797834,0.09936857560905184,55.050190887414715,554,False,66.0,193.0,30.0,127.0,True,55,0.08566978193146417,0.09854347335749084,-0.0014565266425091705,63.26490989550912,642,0.0
0.05,0.05748217875177427,1.0,0.006,0.0,0.006,0.037,0.959,0.014,14,2,0.14285714285714285,0.14285714285714285,2.0,14,0.109,10.0,0.01,0.01,0.01,48,0.0948905109489051,0.891,0.0,0.891,0.901,1.1817897097901599e-06,0.109,0.891,0.959,0.014,0.014,0.014,0.109,0.11366006256517205,0.005109489051094901,-0.005109489051094901,0.0,0.0,0.901,0.945,0.0010000000000000005,0.09174311926605505,0.0948905109489051,0.092,0.041,0.0,0.055,0.0,0.041,0.09830521790016893,0.041,0.891,0.0,0.0,0.021005579426808352,0.014972696057377246,0.092,9.125227792499083e-05,0.041,0.0019272387296300202,1000.0,0.055,0.09174311926605505,0.0948905109489051,0.037,9.231869864145517e-06,0.016,11,11.0,0.041,0.0983052179001689,0.058,0.041000000000000036,41,1000,0.014,ecocsf,0.109,109,0.021005579426808352,0.092,26.77320714398569,16.77320714398569,40090,89,0.09417989417989418,0.10485435887470686,99.08736913659799,945,False,10.0,10.0,0.0,0.0,True,91,0.0948905109489051,0.10540914404233367,0.005409144042333669,101.087369136598,959,0.0
0.05,0.05581938289981359,1.0,0.023,0.005,0.018,0.099,0.85,0.056,56,7,0.125,0.13149619992951525,7.363787196052854,56,0.036,74.0,0.074,0.074,0.046,49,0.10588235294117647,0.964,0.0,0.964,0.966,5.039503344450595e-06,0.036,0.964,0.85,0.056,0.056,0.056,0.036,0.042352941176470586,0.005882352941176464,0.005882352941176464,0.005882352941176464,0.0,0.966,0.794,0.0010000000000000005,0.05555555555555555,0.10588235294117647,0.088,0.15,0.0,0.206,0.0,0.15,0.312771669157674,0.15,0.964,0.0,0.0,0.022953304317571536,0.022852293971594703,0.088,0.00010483543757715621,0.15,0.0064586638786565224,1000.0,0.206,0.05555555555555555,0.10588235294117647,0.099,2.796523602373067e-06,0.059,10,10.0,0.15,0.31277166915767424,0.216,0.15000000000000002,150,1000,0.056,ecocsf,0.036,36,0.022953304317571536,0.088,20.190050414909958,-53.80994958509004,40091,83,0.10453400503778337,0.11162345146847441,88.62902046596868,794,False,34.0,74.0,12.0,40.0,True,90,0.10588235294117647,0.11293271489649594,0.012932714896495931,95.99280766202155,850,0.0
0.1,0.09939591933656966,1.0,0.097,0.008,0.089,0.187,0.801,0.051,51,14,0.27450980392156865,0.2843973249304197,14.504263571451403,51,0.341,147.0,0.147,0.147,0.026,0,0.08114856429463171,0.659,0.001,0.659,0.683,2.545230158093129e-06,0.341,0.659,0.801,0.051,0.051,0.051,0.341,0.4257178526841448,0.01885143570536829,-0.01885143570536829,0.0,0.0,0.683,0.75,0.0010000000000000005,0.07038123167155426,0.08114856429463171,0.071,0.197,0.0,0.25,0.0,0.199,0.48311259285958474,0.199,0.659,0.0,0.0,0.014087248192690461,0.014139544906786842,0.071,9.579244840700266e-05,0.199,0.005174391373644095,1000.0,0.25,0.07038123167155426,0.08114856429463171,0.187,3.224834517850886e-05,0.107,7,7.0,0.199,0.48311259285958474,0.256,0.19899999999999995,199,1000,0.051,ecocsf,0.341,341,0.014087248192690461,0.071,16.76435750780328,-130.23564249219672,40042,51,0.068,0.08697095303910905,65.2282147793318,750,False,0.0,147.0,26.0,145.0,True,65,0.08114856429463171,0.09954117147413633,-0.0004588285258636804,79.7324783507832,801,0.0
0.1,0.09758161507979156,1.0,0.096,0.003,0.093,0.27,0.408,0.078,78,35,0.44871794871794873,0.4681953416612393,36.51923664957666,78,0.099,54.0,0.054,0.054,0.009,1,0.11029411764705882,0.901,0.057,0.901,0.901,4.974750122790691e-06,0.099,0.901,0.408,0.078,0.078,0.078,0.099,0.2426470588235294,0.010294117647058815,0.010294117647058815,0.010294117647058815,0.0,0.901,0.33,0.0010000000000000005,0.0,0.11029411764705882,0.012,0.592,0.0,0.67,0.0,0.592,0.8293800878363025,0.592,0.901,0.0,0.0,0.017979451465960677,0.025928198423634218,0.012,0.00010100082949815815,0.592,0.016846897092609614,1000.0,0.67,0.0,0.11029411764705882,0.27,5.2426658277296075e-06,0.099,3,3.0,0.592,0.8293800878363017,0.466,0.5920000000000001,592,1000,0.078,ecocsf,0.099,99,0.017979451465960677,0.012,8.215801392082886,-45.78419860791711,40043,10,0.030303030303030304,0.031015045270225562,10.234964939174436,330,False,0.0,54.0,9.0,53.0,True,45,0.11029411764705882,0.11459363134497816,0.014593631344978153,46.75420158875109,408,0.0
0.1,0.10694984782309622,0.0,0.068,0.038,0.03,0.226,0.371,0.282,282,53,0.1879432624113475,0.26821081706629035,75.63545041269388,282,0.006,368.0,0.368,0.368,0.062,2,0.16981132075471697,0.994,0.001,0.994,0.998,3.9516088228213024e-05,0.006,0.994,0.371,0.282,0.282,0.282,0.006,0.016172506738544475,0.06981132075471697,0.06981132075471697,0.06981132075471697,0.5666666666666667,0.998,0.089,0.0010000000000000005,0.6666666666666666,0.16981132075471697,0.01,0.629,0.0,0.911,0.0,0.629,1.1442040189556506,0.629,0.994,0.0,0.0,0.02760407681712161,0.02393355576262179,0.01,0.00010703058298463485,0.629,0.02160089192232289,1000.0,0.911,0.6666666666666666,0.16981132075471697,0.226,0.0,0.054,0,0.0,0.629,1.144204018955651,0.724,0.629,629,1000,0.282,ecocsf,0.006,6,0.02760407681712161,0.01,1.9462983015259292,-366.0537016984741,40044,10,0.11235955056179775,0.13016533295101676,11.584714632640493,89,False,18.0,368.0,44.0,346.0,True,63,0.16981132075471697,0.23509478448877189,0.13509478448877188,87.22016504533437,371,0.0
0.1,0.09882307413285205,1.0,0.056,0.001,0.055,0.169,0.765,0.036,36,10,0.2777777777777778,0.2877187003495135,10.357873212582486,36,0.03,84.0,0.084,0.084,0.035,3,0.10588235294117647,0.97,0.0,0.97,0.97,3.039329287127946e-06,0.03,0.97,0.765,0.036,0.036,0.036,0.03,0.0392156862745098,0.005882352941176464,0.005882352941176464,0.005882352941176464,0.0,0.97,0.729,0.0010000000000000005,0.0,0.10588235294117647,0.076,0.235,0.0,0.271,0.0,0.235,0.4385466922620602,0.235,0.97,0.0,0.0,0.02269210854706132,0.02183285643484535,0.076,0.00010294881034660799,0.235,0.008736339977351086,1000.0,0.271,0.0,0.10588235294117647,0.169,1.5651566694216239e-06,0.089,7,7.0,0.235,0.4385466922620602,0.239,0.235,235,1000,0.036,ecocsf,0.03,30,0.02269210854706132,0.076,17.14063973769156,-66.85936026230844,40045,71,0.09739368998628258,0.1027072217031636,74.87356462160626,729,False,23.0,84.0,12.0,60.0,True,81,0.10588235294117647,0.11141364422769769,0.01141364422769768,85.23143783418872,765,0.0
0.1,0.10564590906204091,1.0,0.024,0.0,0.024,0.102,0.905,0.03,30,16,0.5333333333333333,0.5333333333333333,16.0,30,0.33,39.0,0.039,0.039,0.023,4,0.07845303867403315,0.67,0.019,0.67,0.681,1.3399006024624295e-06,0.33,0.67,0.905,0.03,0.03,0.03,0.33,0.36464088397790057,0.021546961325966854,-0.021546961325966854,0.0,0.0,0.681,0.875,0.0010000000000000005,0.03333333333333333,0.07845303867403315,0.061,0.095,0.0,0.125,0.0,0.095,0.18099388673301525,0.095,0.67,0.0,0.0,0.007633756076967774,0.015523295246520298,0.061,0.0001034838894665116,0.095,0.004051183309242471,1000.0,0.125,0.03333333333333333,0.07845303867403315,0.102,3.4299547627202494e-05,0.047,9,9.0,0.095,0.18099388673301536,0.128,0.09499999999999997,95,1000,0.03,ecocsf,0.33,330,0.007633756076967774,0.061,22.44389261806745,-16.55610738193255,40046,55,0.06285714285714286,0.0759698933479197,66.47365667942974,875,False,16.0,39.0,7.0,23.0,True,71,0.07845303867403315,0.09113111235296104,-0.00886888764703897,82.47365667942974,905,0.0
0.1,0.09915613140748336,1.0,0.081,0.005,0.076,0.241,0.576,0.094,94,23,0.24468085106382978,0.2541708920356636,23.892063851352383,94,0.12,152.0,0.152,0.152,0.06,5,0.1267361111111111,0.88,0.002,0.88,0.897,7.199057547020873e-06,0.12,0.88,0.576,0.094,0.094,0.094,0.12,0.20833333333333334,0.0267361111111111,0.0267361111111111,0.0267361111111111,0.04166666666666666,0.897,0.482,0.0010000000000000005,0.14166666666666666,0.1267361111111111,0.051,0.424,0.0,0.518,0.0,0.424,0.7065298773632279,0.424,0.88,0.0,0.0,0.031619341107492524,0.02246722264091942,0.051,0.00010103839017894748,0.424,0.014200597312127873,1000.0,0.518,0.14166666666666666,0.1267361111111111,0.241,1.0155328929589046e-05,0.131,4,4.0,0.424,0.7065298773632287,0.426,0.42400000000000004,424,1000,0.094,ecocsf,0.12,120,0.031619341107492524,0.051,10.864179388202533,-141.13582061179747,40047,50,0.1037344398340249,0.11519986473684779,55.52633480316064,482,False,40.0,152.0,20.0,112.0,True,73,0.1267361111111111,0.13787916433075179,0.03787916433075178,79.41839865451303,576,0.0
0.1,0.12509852656556425,0.0,0.011,0.011,0.0,0.008,0.989,0.043,43,0,0.0,0.0036379502905535227,0.15643186249380148,43,0.56,109.0,0.109,0.109,0.011,6,0.06774519716885744,0.44,0.018,0.44,0.486,5.16762224360554e-07,0.56,0.44,0.989,0.043,0.043,0.043,0.56,0.5662285136501517,0.03225480283114257,-0.03225480283114257,0.0,0.0,0.486,0.946,0.0010000000000000005,0.08214285714285714,0.06774519716885744,0.067,0.011,0.0,0.054,0.0,0.011,0.961053099107082,0.011,0.44,0.0,0.0,0.00463945277619903,0.007703081811975461,0.067,0.0001006950209028888,0.011,9.696070119670101e-05,1000.0,0.054,0.08214285714285714,0.06774519716885744,0.008,5.843908001568136e-05,0.0,0,0.0,0.011,0.9610530991070814,0.925,0.01100000000000001,11,1000,0.043,ecocsf,0.56,560,0.00463945277619903,0.067,0.5950025271154786,-108.40499747288452,40048,67,0.0708245243128964,0.09186023587533383,86.8997831380658,946,False,0.0,109.0,11.0,104.0,True,67,0.06774519716885744,0.08802448432816946,-0.011975515671830542,87.0562150005596,989,0.0
0.1,0.1135031060088687,1.0,0.007,0.0,0.007,0.037,0.961,0.022,22,1,0.045454545454545456,0.06131794387758149,1.3489947653067929,22,0.147,18.0,0.018,0.018,0.018,7,0.07908428720083246,0.853,0.051,0.853,0.868,1.4513869148972609e-06,0.147,0.853,0.961,0.022,0.022,0.022,0.147,0.1529656607700312,0.02091571279916754,-0.02091571279916754,0.0,0.002040816326530609,0.868,0.939,0.0010000000000000005,0.10204081632653061,0.07908428720083246,0.077,0.039,0.0,0.061,0.0,0.039,0.46965283314161416,0.039,0.853,0.0,0.0,0.0043272941442823966,0.015422465305334003,0.077,9.256157249914062e-05,0.039,0.0020604570197889555,1000.0,0.061,0.10204081632653061,0.07908428720083246,0.037,1.5627009165434597e-05,0.025,8,8.0,0.039,0.4696528331416142,0.422,0.039000000000000035,39,1000,0.022,ecocsf,0.147,147,0.0043272941442823966,0.077,16.362051719733504,-1.637948280266496,40049,75,0.07987220447284345,0.08895600244288863,83.52968629387243,939,False,18.0,18.0,0.0,0.0,True,76,0.07908428720083246,0.0883232893435788,-0.011676710656421202,84.87868105917923,961,0.0
0.1,0.10150220038980208,1.0,0.107,0.032,0.075,0.233,0.727,0.117,117,38,0.3247863247863248,0.36112679438072054,42.251834942544306,117,0.035,237.0,0.237,0.237,0.05,8,0.10178817056396149,0.965,0.014,0.965,0.965,5.908816867323343e-06,0.035,0.965,0.727,0.117,0.117,0.117,0.035,0.048143053645116916,0.0017881705639614803,0.0017881705639614803,0.0017881705639614803,0.0,0.965,0.61,0.0010000000000000005,0.0,0.10178817056396149,0.066,0.272,0.0,0.39,0.0,0.273,0.5423376164142987,0.273,0.965,0.0,0.0,0.020020985867846074,0.02018232337849511,0.066,0.00010078197305621226,0.273,0.010823287038604926,1000.0,0.39,0.0,0.10178817056396149,0.233,3.3018220513931045e-06,0.093,6,6.0,0.273,0.5423376164142987,0.36,0.273,273,1000,0.117,ecocsf,0.035,35,0.020020985867846074,0.066,14.796930160745372,-222.20306983925462,40050,36,0.05901639344262295,0.06455404556167972,39.37796779262463,610,False,0.0,237.0,50.0,236.0,True,74,0.10178817056396149,0.11228308491770142,0.012283084917701415,81.62980273516894,727,0.0
0.1,0.10695053078610679,1.0,0.042,0.009,0.033,0.117,0.884,0.032,32,13,0.40625,0.40625,13.0,32,0.145,116.0,0.116,0.116,0.048,9,0.09841628959276018,0.855,0.0,0.855,0.875,2.3892915188829045e-06,0.145,0.855,0.884,0.032,0.032,0.032,0.145,0.16402714932126697,0.0015837104072398273,-0.0015837104072398273,0.0,0.03793103448275861,0.875,0.852,0.0010000000000000005,0.13793103448275862,0.09841628959276018,0.078,0.116,0.0,0.148,0.0,0.116,0.29824327480585144,0.116,0.855,0.0,0.0,0.024382894529045646,0.018875456164289765,0.078,0.0001041980984152989,0.116,0.007009261743551636,1000.0,0.148,0.13793103448275862,0.09841628959276018,0.117,1.7135896307057184e-05,0.072,9,9.0,0.116,0.2982432748058514,0.16,0.11599999999999999,116,1000,0.032,ecocsf,0.145,145,0.024382894529045646,0.078,20.714343568630817,-95.28565643136918,40051,74,0.08685446009389672,0.09996735451634743,85.17218604792801,852,False,33.0,116.0,15.0,82.0,True,87,0.09841628959276018,0.11105450910399096,0.011054509103990959,98.17218604792801,884,0.0
0.1,0.10253705704853036,1.0,0.086,0.003,0.083,0.134,0.861,0.047,47,12,0.2553191489361702,0.29005131389519667,13.632411753074244,47,0.127,103.0,0.103,0.103,0.019,10,0.08130081300813008,0.873,0.026,0.873,0.89,2.2132662749774365e-06,0.127,0.873,0.861,0.047,0.047,0.047,0.127,0.14750290360046459,0.018699186991869926,-0.018699186991869926,0.0,0.03385826771653544,0.89,0.814,0.0010000000000000005,0.13385826771653545,0.08130081300813008,0.066,0.139,0.0,0.186,0.0,0.139,0.2983975097666027,0.139,0.873,0.0,0.0,0.010849857924817626,0.013827528294842463,0.066,9.875974313271123e-05,0.139,0.003302706468567339,1000.0,0.186,0.13385826771653545,0.08130081300813008,0.134,1.2584114360325412e-05,0.099,11,11.0,0.139,0.29839750976660245,0.169,0.139,139,1000,0.047,ecocsf,0.127,127,0.010849857924817626,0.066,21.948880277583047,-81.05111972241696,40052,58,0.07125307125307126,0.08419006443086037,68.53071244672034,814,False,0.0,103.0,19.0,103.0,True,70,0.08130081300813008,0.09542755423901811,-0.004572445760981897,82.1631241997946,861,0.0
0.1,0.11223074584568804,1.0,0.011,0.011,0.0,0.0,1.0,0.017,17,0,0.0,0.0,0.0,17,0.159,55.0,0.055,0.055,0.011,11,0.091,0.841,0.002,0.841,0.861,9.283398614689955e-07,0.159,0.841,1.0,0.017,0.017,0.017,0.159,0.159,0.009000000000000008,-0.009000000000000008,0.0,0.025786163522012573,0.861,0.983,0.0010000000000000005,0.12578616352201258,0.091,0.091,0.0,0.0,0.017,0.0,0.0,0.011876644114901311,0.0,0.841,0.0,0.0,0.01281315643107897,0.012968333765979822,0.091,9.5770905137159e-05,0.0,9.235558917980751e-05,1000.0,0.017,0.12578616352201258,0.091,0.0,1.3539181405609852e-05,0.0,12,12.0,0.0,0.011876644114901313,0.02,0.0,0,1000,0.017,ecocsf,0.159,159,0.01281315643107897,0.091,26.517776491466446,-28.482223508533554,40053,91,0.09257375381485249,0.09841454353260179,96.74149629254755,983,False,0.0,55.0,11.0,54.0,True,91,0.091,0.09674149629254755,-0.0032585037074524537,96.74149629254755,1000,0.0
0.1,0.10276723222467433,1.0,0.082,0.009,0.073,0.144,0.852,0.051,51,14,0.27450980392156865,0.27450980392156865,14.0,51,0.167,98.0,0.098,0.098,0.019,12,0.09154929577464789,0.833,0.016,0.833,0.852,3.012040311588981e-06,0.167,0.833,0.852,0.051,0.051,0.051,0.167,0.1960093896713615,0.008450704225352115,-0.008450704225352115,0.0,0.013772455089820348,0.852,0.801,0.0010000000000000005,0.11377245508982035,0.09154929577464789,0.068,0.148,0.0,0.199,0.0,0.148,0.3253517511214865,0.148,0.833,0.0,0.0,0.018542427871346148,0.017796625059914438,0.068,0.0001009449932503876,0.148,0.004944267287040273,1000.0,0.199,0.11377245508982035,0.09154929577464789,0.144,1.2268269869326412e-05,0.083,9,9.0,0.148,0.3253517511214866,0.189,0.14800000000000002,148,1000,0.051,ecocsf,0.167,167,0.018542427871346148,0.068,20.607817756593242,-77.39218224340675,40054,64,0.07990012484394507,0.09457486664536159,75.75446818293463,801,False,0.0,98.0,19.0,98.0,True,78,0.09154929577464789,0.10534561993302186,0.00534561993302185,89.75446818293462,852,0.0
0.1,0.12647083957553254,0.0,0.019,0.0,0.019,0.044,0.922,0.023,23,6,0.2608695652173913,0.3123525940410113,7.18410966294326,23,0.604,27.0,0.027,0.027,0.002,13,0.052060737527114966,0.396,0.052,0.396,0.428,5.77816385305821e-07,0.604,0.396,0.922,0.023,0.023,0.023,0.604,0.6550976138828634,0.04793926247288504,-0.04793926247288504,0.0,0.0,0.428,0.899,0.0010000000000000005,0.052980132450331126,0.052060737527114966,0.044,0.078,0.0,0.101,0.0,0.078,1.0038641624631075,0.078,0.396,0.0,0.0,0.006437907004298711,0.007358461810063171,0.044,9.66331067426332e-05,0.078,0.0013598849047799831,1000.0,0.101,0.052980132450331126,0.052060737527114966,0.044,5.474042574150905e-05,0.021,0,0.0,0.078,1.0038641624631075,0.947,0.07799999999999996,78,1000,0.023,ecocsf,0.604,604,0.006437907004298711,0.044,0.4973988526601363,-26.502601147339863,40055,42,0.04671857619577308,0.08346119435668665,75.0316137266613,899,False,0.0,27.0,2.0,27.0,True,48,0.052060737527114966,0.08917106658308524,-0.010828933416914766,82.21572338960459,922,0.0
0.1,0.10455548417082301,1.0,0.049,0.003,0.046,0.184,0.826,0.046,46,20,0.43478260869565216,0.43478260869565216,20.0,46,0.159,142.0,0.142,0.142,0.082,14,0.09322033898305085,0.841,0.035,0.841,0.849,3.4364176846579125e-06,0.159,0.841,0.826,0.046,0.046,0.046,0.159,0.19249394673123488,0.006779661016949157,-0.006779661016949157,0.0,0.0,0.849,0.78,0.0010000000000000005,0.050314465408805034,0.09322033898305085,0.081,0.174,0.0,0.22,0.0,0.174,0.3848029413566628,0.174,0.841,0.0,0.0,0.01807000714915048,0.021248701922879053,0.081,0.00010141269794540169,0.174,0.012523970710011283,1000.0,0.22,0.050314465408805034,0.09322033898305085,0.184,1.4174452907648124e-05,0.125,7,7.0,0.174,0.38480294135666293,0.222,0.17400000000000004,174,1000,0.046,ecocsf,0.159,159,0.01807000714915048,0.081,18.97108851656243,-123.02891148343757,40056,57,0.07307692307692308,0.08603387799206144,67.10642483380792,780,False,66.0,142.0,16.0,75.0,True,77,0.09322033898305085,0.10545572013778201,0.005455720137782005,87.10642483380794,826,0.0
0.1,0.09602400664284551,1.0,0.14,0.0,0.14,0.319,0.487,0.101,101,23,0.22772277227722773,0.2389758334547386,24.1365591789286,101,0.196,73.0,0.073,0.073,0.041,15,0.10882956878850103,0.804,0.0,0.804,0.817,8.306222979947457e-06,0.196,0.804,0.487,0.101,0.101,0.101,0.196,0.4024640657084189,0.008829568788501024,0.008829568788501024,0.008829568788501024,0.0,0.817,0.386,0.0010000000000000005,0.0663265306122449,0.10882956878850103,0.033,0.513,0.0,0.614,0.0,0.513,0.7598125374173997,0.513,0.804,0.0,0.0,0.02044329579256024,0.024441796861387175,0.033,0.00010143652128272629,0.513,0.01673667476754804,1000.0,0.614,0.0663265306122449,0.10882956878850103,0.319,1.462418971430086e-05,0.181,4,4.0,0.513,0.7598125374173992,0.457,0.513,513,1000,0.101,ecocsf,0.196,196,0.02044329579256024,0.033,9.360585541393139,-63.639414458606865,40057,30,0.07772020725388601,0.09407502485383097,36.31295959357875,386,False,36.0,73.0,5.0,37.0,True,53,0.10882956878850103,0.12412632191479948,0.02412632191479948,60.449518772507346,487,0.0
0.1,0.09257653200306673,1.0,0.115,0.005,0.11,0.376,0.627,0.061,61,25,0.4098360655737705,0.41086224583777126,25.06259699610405,61,0.23,220.0,0.22,0.22,0.088,16,0.10366826156299841,0.77,0.004,0.77,0.787,5.242867361427804e-06,0.23,0.77,0.627,0.061,0.061,0.061,0.23,0.3668261562998405,0.003668261562998404,0.003668261562998404,0.003668261562998404,0.0,0.787,0.566,0.0010000000000000005,0.07391304347826087,0.10366826156299841,0.061,0.373,0.0,0.434,0.0,0.373,0.7174017118817266,0.373,0.77,0.0,0.0,0.01975242139669112,0.026773574199873466,0.061,9.644974512476859e-05,0.373,0.021001350579738797,1000.0,0.434,0.07391304347826087,0.10366826156299841,0.376,2.0640541394294195e-05,0.193,7,7.0,0.373,0.7174017118817261,0.425,0.373,373,1000,0.061,ecocsf,0.23,230,0.01975242139669112,0.061,16.041162729426276,-203.95883727057372,40058,40,0.0706713780918728,0.08062313032158094,45.632691762014815,566,False,62.0,220.0,26.0,158.0,True,65,0.10366826156299841,0.11275165671151334,0.012751656711513334,70.69528875811886,627,0.0
0.1,0.10326015340107962,1.0,0.049,0.002,0.047,0.19,0.814,0.052,52,24,0.46153846153846156,0.47771355411052685,24.841104813747396,52,0.423,100.0,0.1,0.1,0.036,17,0.0945945945945946,0.577,0.003,0.577,0.605,3.869713688901459e-06,0.423,0.577,0.814,0.052,0.052,0.052,0.423,0.5196560196560197,0.005405405405405406,-0.005405405405405406,0.0,0.0,0.605,0.762,0.0010000000000000005,0.06619385342789598,0.0945945945945946,0.067,0.185,0.0,0.238,0.0,0.186,0.26888792852356186,0.186,0.577,0.0,0.0,0.020389765115402914,0.026013265864625584,0.067,8.749498213491865e-05,0.186,0.010331035945859117,1000.0,0.238,0.06619385342789598,0.0945945945945946,0.19,4.0095049671495325e-05,0.081,8,8.0,0.186,0.2688879285235618,0.226,0.18600000000000005,186,1000,0.052,ecocsf,0.423,423,0.020389765115402914,0.067,21.83826996658214,-78.16173003341785,40059,53,0.06955380577427822,0.08375114696923446,63.81837399055665,762,False,13.0,100.0,23.0,87.0,True,77,0.0945945945945946,0.10891827862936615,0.008918278629366144,88.65947880430404,814,0.0
0.1,0.10857764955019565,1.0,0.022,0.017,0.005,0.076,0.519,0.041,41,7,0.17073170731707318,0.24308875063629895,9.966638776088256,41,0.114,69.0,0.069,0.069,0.017,18,0.08670520231213873,0.886,0.0,0.886,0.889,3.241261549885177e-06,0.114,0.886,0.519,0.041,0.041,0.041,0.114,0.21965317919075145,0.013294797687861279,-0.013294797687861279,0.0,0.0,0.889,0.478,0.0010000000000000005,0.02631578947368421,0.08670520231213873,0.038,0.481,0.0,0.522,0.0,0.481,0.682131927590359,0.481,0.886,0.0,0.0,0.017199559990671676,0.018802096268533432,0.038,0.00010163624303544333,0.481,0.006471301211526443,1000.0,0.522,0.02631578947368421,0.08670520231213873,0.076,1.3598130269187436e-05,0.005,5,5.0,0.481,0.6821319275903588,0.488,0.481,481,1000,0.041,ecocsf,0.114,114,0.017199559990671676,0.038,10.84052357885482,-58.15947642114518,40060,38,0.0794979079497908,0.09492506854491264,45.374182764468244,478,False,0.0,69.0,17.0,69.0,True,45,0.08670520231213873,0.10662971395097592,0.006629713950975918,55.340821540556504,519,0.0
0.1,0.11202625492631037,1.0,0.026,0.022,0.004,0.06,0.934,0.033,33,3,0.09090909090909091,0.09090909090909091,3.0,33,0.266,198.0,0.198,0.198,0.032,19,0.06852248394004283,0.734,0.085,0.734,0.754,2.5902143430936855e-06,0.266,0.734,0.934,0.033,0.033,0.033,0.266,0.284796573875803,0.031477516059957175,-0.031477516059957175,0.0,0.0,0.754,0.901,0.0010000000000000005,0.07518796992481203,0.06852248394004283,0.062,0.066,0.0,0.099,0.0,0.066,0.6831427455066921,0.066,0.734,0.0,0.0,0.004130737868144115,0.011473739594919643,0.062,9.171786860108757e-05,0.066,0.0021921474201072396,1000.0,0.099,0.07518796992481203,0.06852248394004283,0.06,1.8268715284423412e-05,0.014,4,4.0,0.066,0.6831427455066921,0.627,0.06599999999999995,66,1000,0.033,ecocsf,0.266,266,0.004130737868144115,0.062,9.624739522007747,-188.37526047799224,40061,61,0.06770255271920089,0.0889244752621948,80.12095221123751,901,False,10.0,198.0,22.0,187.0,True,64,0.06852248394004283,0.08899459551524358,-0.011005404484756426,83.12095221123751,934,0.0
0.1,0.10713403466011265,1.0,0.055,0.01,0.045,0.154,0.797,0.064,64,12,0.1875,0.24760553808501698,15.846754437441087,64,0.219,130.0,0.13,0.13,0.041,20,0.07779171894604768,0.781,0.0,0.781,0.793,3.3140325038111833e-06,0.219,0.781,0.797,0.064,0.064,0.064,0.219,0.27478042659974905,0.022208281053952325,-0.022208281053952325,0.0,0.0,0.793,0.733,0.0010000000000000005,0.0547945205479452,0.07779171894604768,0.061,0.203,0.0,0.267,0.0,0.203,0.4653802772846683,0.203,0.781,0.0,0.0,0.011612881153919747,0.011749867405472998,0.061,9.665901199696802e-05,0.203,0.0052930150360876865,1000.0,0.267,0.0547945205479452,0.07779171894604768,0.154,1.9960411205907563e-05,0.076,7,7.0,0.203,0.4653802772846683,0.285,0.20299999999999996,203,1000,0.064,ecocsf,0.219,219,0.011612881153919747,0.061,16.285408551971337,-113.71459144802867,40062,50,0.06821282401091405,0.08428398256519722,61.78015922028956,733,False,22.0,130.0,19.0,108.0,True,62,0.07779171894604768,0.09739888790179503,-0.0026011120982049746,77.62691365773064,797,0.0
0.1,0.10127416482398321,1.0,0.048,0.007,0.041,0.192,0.812,0.029,29,9,0.3103448275862069,0.3103448275862069,9.0,29,0.109,189.0,0.189,0.189,0.133,21,0.07635467980295567,0.891,0.004,0.891,0.906,1.2999138126248481e-06,0.109,0.891,0.812,0.029,0.029,0.029,0.109,0.13423645320197045,0.023645320197044337,-0.023645320197044337,0.0,0.03761467889908257,0.906,0.783,0.0010000000000000005,0.13761467889908258,0.07635467980295567,0.071,0.188,0.0,0.217,0.0,0.188,0.4828671378288441,0.188,0.891,0.0,0.0,0.004735267887074854,0.012360018311882956,0.071,0.00010005692563432989,0.188,0.011022113093235305,1000.0,0.217,0.13761467889908258,0.07635467980295567,0.192,8.608594227665237e-06,0.167,5,5.0,0.188,0.48286713782884383,0.297,0.18799999999999994,188,1000,0.029,ecocsf,0.109,109,0.004735267887074854,0.071,15.902071925883288,-173.0979280741167,40063,53,0.06768837803320563,0.0782058514683261,61.235181699699346,783,False,121.0,189.0,12.0,68.0,True,62,0.07635467980295567,0.08649652918682187,-0.01350347081317814,70.23518169969935,812,0.0
0.1,0.10627580620783036,1.0,0.023,0.016,0.007,0.117,0.872,0.068,68,16,0.23529411764705882,0.2598956360005785,17.67290324803934,68,0.181,121.0,0.121,0.121,0.046,22,0.09862385321100918,0.819,0.0,0.819,0.828,4.497046638730284e-06,0.181,0.819,0.872,0.068,0.068,0.068,0.181,0.20756880733944955,0.0013761467889908258,-0.0013761467889908258,0.0,0.0,0.828,0.804,0.0010000000000000005,0.049723756906077346,0.09862385321100918,0.075,0.128,0.0,0.196,0.0,0.128,0.3259910835352016,0.128,0.819,0.0,0.0,0.01946598343811532,0.021918450927533584,0.075,9.014074923601692e-05,0.128,0.007146349540606739,1000.0,0.196,0.049723756906077346,0.09862385321100918,0.117,1.758451061941789e-05,0.037,9,9.0,0.128,0.3259910835352017,0.212,0.128,128,1000,0.068,ecocsf,0.181,181,0.01946598343811532,0.075,20.968012105571773,-100.03198789442823,40064,70,0.08706467661691543,0.09513697366766874,76.49012682880567,804,False,25.0,121.0,21.0,96.0,True,86,0.09862385321100918,0.10798512623491398,0.007985126234913972,94.16303007684499,872,0.0
0.1,0.10195051022768815,1.0,0.027,0.001,0.026,0.102,0.847,0.167,167,26,0.15568862275449102,0.1675747208196642,27.984978376883923,167,0.125,45.0,0.045,0.045,0.008,23,0.10979929161747344,0.875,0.0,0.875,0.88,1.1142081228213626e-05,0.125,0.875,0.847,0.167,0.167,0.167,0.125,0.14757969303423848,0.009799291617473435,0.009799291617473435,0.009799291617473435,0.0,0.88,0.68,0.0010000000000000005,0.04,0.10979929161747344,0.086,0.153,0.0,0.32,0.0,0.153,0.4903322845087978,0.153,0.875,0.0,0.0,0.021414342561650885,0.021722080858205782,0.086,9.583172757699965e-05,0.153,0.006314910497514483,1000.0,0.32,0.04,0.10979929161747344,0.102,1.2515415347329407e-05,0.033,8,8.0,0.153,0.49033228450879784,0.312,0.15300000000000002,153,1000,0.167,ecocsf,0.125,125,0.021414342561650885,0.086,18.663859866263827,-26.336140133736173,40065,67,0.09852941176470588,0.10628153737202996,72.27144541298037,680,False,0.0,45.0,8.0,44.0,True,93,0.10979929161747344,0.11836649798094957,0.018366497980949567,100.25642378986429,847,0.0
0.1,0.10364614311606876,1.0,0.056,0.001,0.055,0.211,0.696,0.038,38,13,0.34210526315789475,0.34210526315789475,13.0,38,0.088,116.0,0.116,0.116,0.087,24,0.08189655172413793,0.912,0.017,0.912,0.919,1.2529067993025692e-06,0.088,0.912,0.696,0.038,0.038,0.038,0.088,0.12643678160919541,0.018103448275862077,-0.018103448275862077,0.0,0.0,0.919,0.658,0.0010000000000000005,0.07954545454545454,0.08189655172413793,0.054,0.302,0.0,0.342,0.0,0.304,0.5261965969768592,0.304,0.912,0.0,0.0,0.011012158325163586,0.01201275516047304,0.054,0.00011151878837871706,0.304,0.0074771191587849175,1000.0,0.342,0.07954545454545454,0.08189655172413793,0.211,9.730095339238593e-06,0.141,5,5.0,0.304,0.5261965969768592,0.374,0.30400000000000005,304,1000,0.038,ecocsf,0.088,88,0.011012158325163586,0.054,14.336730693462476,-101.66326930653753,40066,44,0.0668693009118541,0.0788222874232004,51.86506512446586,658,False,79.0,116.0,8.0,37.0,True,57,0.08189655172413793,0.09319693265009463,-0.006803067349905378,64.86506512446586,696,0.0
0.1,0.11050812441817115,1.0,0.026,0.016,0.01,0.03,0.935,0.043,43,5,0.11627906976744186,0.11627906976744186,5.0,43,0.161,89.0,0.089,0.089,0.019,25,0.08342245989304813,0.839,0.008,0.839,0.859,2.582783784834252e-06,0.161,0.839,0.935,0.043,0.043,0.043,0.161,0.17219251336898395,0.01657754010695188,-0.01657754010695188,0.0,0.024223602484472043,0.859,0.892,0.0010000000000000005,0.12422360248447205,0.08342245989304813,0.075,0.064,0.0,0.108,0.0,0.065,0.3652859380864144,0.065,0.839,0.0,0.0,0.007958879455465319,0.015624174336066233,0.075,0.0001125759980378703,0.065,0.001477711598244164,1000.0,0.108,0.12422360248447205,0.08342245989304813,0.03,1.2915211921603242e-05,0.013,6,6.0,0.065,0.3652859380864142,0.28,0.06499999999999995,65,1000,0.043,ecocsf,0.161,161,0.007958879455465319,0.075,17.505339880575807,-71.4946601194242,40067,73,0.08183856502242152,0.09197495878957289,82.04166324029902,892,False,0.0,89.0,19.0,89.0,True,78,0.08342245989304813,0.09309268795753906,-0.00690731204246095,87.04166324029902,935,0.0
0.1,0.1119530087072487,0.0,0.0,0.0,0.0,0.291,0.268,0.118,118,15,0.1271186440677966,0.22065223432029163,26.036963649794412,118,0.0,0.0,0.0,0.0,0.0,26,0.13432835820895522,1.0,0.0,1.0,1.0,8.506607825252506e-06,0.0,1.0,0.268,0.118,0.118,0.118,0.0,0.0,0.03432835820895522,0.03432835820895522,0.03432835820895522,,1.0,0.15,0.0010000000000000005,,0.13432835820895522,0.021,0.732,0.0,0.85,0.0,0.732,0.9675461062455921,0.732,1.0,0.0,0.0,0.031222411544048385,0.022517257687013705,0.021,0.00010734497376536231,0.732,0.01847921768186475,1000.0,0.85,,0.13432835820895522,0.291,0.0,0.0,0,0.0,0.732,0.9675461062455926,0.725,0.732,732,1000,0.118,ecocsf,0.0,0,0.031222411544048385,0.021,1.968388903259651,1.968388903259651,40068,21,0.14,0.15661370479670883,23.492055719506325,150,False,0.0,0.0,0.0,0.0,True,36,0.13432835820895522,0.18480977376604754,0.08480977376604754,49.52901936930074,268,1.0
0.1,0.1039563805120329,1.0,0.029,0.0,0.029,0.187,0.826,0.03,30,14,0.4666666666666667,0.5156959234563349,15.470877703690046,30,0.252,107.0,0.107,0.107,0.107,27,0.07869249394673124,0.748,0.006,0.748,0.763,1.2703015879541687e-06,0.252,0.748,0.826,0.03,0.03,0.03,0.252,0.3050847457627119,0.021307506053268768,-0.021307506053268768,0.0,0.0,0.763,0.796,0.0010000000000000005,0.05952380952380952,0.07869249394673124,0.061,0.174,0.0,0.204,0.0,0.174,0.3730277793067255,0.174,0.748,0.0,0.0,0.015590415499787557,0.018716918452269176,0.061,9.950345858115344e-05,0.174,0.012856884441857131,1000.0,0.204,0.05952380952380952,0.07869249394673124,0.187,3.0131754575718126e-05,0.136,8,8.0,0.174,0.37302777930672587,0.214,0.17400000000000004,174,1000,0.03,ecocsf,0.252,252,0.015590415499787557,0.061,19.647871701746634,-87.35212829825336,40069,51,0.06407035175879397,0.08415808967845619,66.98983938405112,796,False,107.0,107.0,0.0,0.0,True,65,0.07869249394673124,0.09983137661954138,-0.00016862338045862957,82.46071708774117,826,0.0
0.1,0.10500655175651613,1.0,0.009,0.0,0.009,0.135,0.858,0.012,12,3,0.25,0.25,3.0,12,0.063,97.0,0.097,0.097,0.097,28,0.08974358974358974,0.937,0.001,0.937,0.958,7.591900259025323e-07,0.063,0.937,0.858,0.012,0.012,0.012,0.063,0.07342657342657342,0.010256410256410262,-0.010256410256410262,0.0,0.2333333333333333,0.958,0.846,0.0010000000000000005,0.3333333333333333,0.08974358974358974,0.081,0.142,0.0,0.154,0.0,0.142,0.3040196225947799,0.142,0.937,0.0,0.0,0.013618060935360998,0.013176580400751023,0.081,8.813015514512431e-05,0.142,0.010029142498612845,1000.0,0.154,0.3333333333333333,0.08974358974358974,0.135,6.140418990450077e-06,0.106,10,10.0,0.142,0.30401962259478005,0.173,0.14200000000000002,142,1000,0.012,ecocsf,0.063,63,0.013618060935360998,0.081,20.25546428360038,-76.74453571639962,40070,74,0.08747044917257683,0.09477216425681226,80.17725096126317,846,False,97.0,97.0,0.0,0.0,True,77,0.08974358974358974,0.09694318293853517,-0.0030568170614648366,83.17725096126317,858,0.0
0.1,0.11278114107283453,1.0,0.545,0.0,0.545,0.62,0.307,0.037,37,16,0.43243243243243246,0.4641871021781587,17.17492278059187,37,0.053,12.0,0.012,0.012,0.012,29,0.13029315960912052,0.947,0.0,0.947,0.953,2.576022277101459e-06,0.053,0.947,0.307,0.037,0.037,0.037,0.053,0.17263843648208468,0.030293159609120518,0.030293159609120518,0.030293159609120518,0.013207547169811318,0.953,0.27,0.0010000000000000005,0.11320754716981132,0.13029315960912052,0.025,0.693,0.0,0.73,0.0,0.693,0.9336361023468924,0.693,0.947,0.0,0.0,0.027344425592859944,0.022812454794888366,0.025,9.801169301354887e-05,0.693,0.02512694138684739,1000.0,0.73,0.11320754716981132,0.13029315960912052,0.62,4.485108555837345e-06,0.557,2,2.0,0.693,0.9336361023468916,0.713,0.6930000000000001,693,1000,0.037,ecocsf,0.053,53,0.027344425592859944,0.025,6.504037387719613,-5.495962612280387,40071,24,0.08888888888888889,0.09794638921988645,26.44552508936934,270,False,12.0,12.0,0.0,0.0,True,40,0.13029315960912052,0.14208614941355444,0.04208614941355443,43.62044786996121,307,0.0
0.1,0.10839272093225764,1.0,0.009,0.001,0.008,0.16,0.317,0.061,61,15,0.2459016393442623,0.24704610353390577,15.069812315568251,61,0.171,26.0,0.026,0.026,0.006,30,0.12933753943217666,0.829,0.001,0.829,0.847,7.706466890286222e-06,0.171,0.829,0.317,0.061,0.061,0.061,0.171,0.5394321766561514,0.02933753943217665,0.02933753943217665,0.02933753943217665,0.005263157894736831,0.847,0.256,0.0010000000000000005,0.10526315789473684,0.12933753943217666,0.026,0.683,0.0,0.744,0.0,0.683,0.8557306550908053,0.683,0.829,0.0,0.0,0.021041965815738518,0.020720916225370475,0.026,0.0001036669308679486,0.683,0.015181740717364391,1000.0,0.744,0.10526315789473684,0.12933753943217666,0.16,1.698914687336786e-05,0.013,3,3.0,0.683,0.8557306550908063,0.621,0.683,683,1000,0.061,ecocsf,0.171,171,0.021041965815738518,0.026,7.556509788610208,-18.443490211389793,40072,26,0.1015625,0.11085398590021994,28.378620390456305,256,False,0.0,26.0,6.0,26.0,True,41,0.12933753943217666,0.1370613019117494,0.03706130191174939,43.448432706024555,317,0.0
0.1,0.10862919850730188,1.0,0.081,0.009,0.072,0.15,0.831,0.051,51,20,0.39215686274509803,0.4468868848579464,22.791231127755267,51,0.151,112.0,0.112,0.112,0.044,31,0.09626955475330927,0.849,0.016,0.849,0.866,3.2595965414278687e-06,0.151,0.849,0.831,0.051,0.051,0.051,0.151,0.18170878459687123,0.003730445246690736,-0.003730445246690736,0.0,0.012582781456953643,0.866,0.78,0.0010000000000000005,0.11258278145695365,0.09626955475330927,0.068,0.169,0.0,0.22,0.0,0.169,0.37781976355189856,0.169,0.849,0.0,0.0,0.02212555633271702,0.011940627022243612,0.068,8.61114317558683e-05,0.169,0.004360904886411658,1000.0,0.22,0.11258278145695365,0.09626955475330927,0.15,1.312621165647159e-05,0.107,8,8.0,0.169,0.3778197635518984,0.244,0.16900000000000004,169,1000,0.051,ecocsf,0.151,151,0.02212555633271702,0.068,18.90312362056179,-93.09687637943821,40073,60,0.07692307692307693,0.08806913044408886,68.69392174638931,780,False,19.0,112.0,25.0,92.0,True,80,0.09626955475330927,0.11009043667165413,0.01009043667165413,91.48515287414459,831,0.0
0.1,0.09676876789815919,1.0,0.128,0.015,0.113,0.342,0.633,0.062,62,25,0.4032258064516129,0.4245844220842831,26.32423416922555,62,0.253,313.0,0.313,0.313,0.142,32,0.12164296998420221,0.747,0.0,0.747,0.763,4.699388533112258e-06,0.253,0.747,0.633,0.062,0.062,0.062,0.253,0.39968404423380727,0.021642969984202204,0.021642969984202204,0.021642969984202204,0.0,0.763,0.571,0.0010000000000000005,0.06324110671936758,0.12164296998420221,0.07,0.366,0.0,0.429,0.0,0.367,0.6876727464154023,0.367,0.747,0.0,0.0,0.036579045613264145,0.025644530904520464,0.07,9.240548390374839e-05,0.367,0.02319045927541593,1000.0,0.429,0.06324110671936758,0.12164296998420221,0.342,2.6616365922338837e-05,0.24,5,5.0,0.367,0.6876727464154023,0.425,0.367,367,1000,0.062,ecocsf,0.253,253,0.036579045613264145,0.07,14.690448456556586,-298.30955154344343,40074,52,0.09106830122591944,0.10727530643984319,61.25419997715046,571,False,99.0,313.0,43.0,213.0,True,77,0.12164296998420221,0.13835455631339025,0.03835455631339024,87.57843414637603,633,0.0
0.1,0.10379716012157496,1.0,0.035,0.01,0.025,0.149,0.815,0.089,89,25,0.2808988764044944,0.3220472199185787,28.662202572753507,89,0.215,143.0,0.143,0.143,0.052,33,0.09079754601226994,0.785,0.049,0.785,0.797,4.411537183961411e-06,0.215,0.785,0.815,0.089,0.089,0.089,0.215,0.26380368098159507,0.009202453987730064,-0.009202453987730064,0.0,0.0,0.797,0.726,0.0010000000000000005,0.05581395348837209,0.09079754601226994,0.058,0.185,0.0,0.274,0.0,0.185,0.5043458321206274,0.185,0.785,0.0,0.0,0.014249674374801482,0.01610263092592656,0.058,9.716457658883151e-05,0.185,0.006160747740024279,1000.0,0.274,0.05581395348837209,0.09079754601226994,0.149,2.1358907456735743e-05,0.067,7,7.0,0.185,0.5043458321206277,0.328,0.18500000000000005,185,1000,0.089,ecocsf,0.215,215,0.014249674374801482,0.058,18.200403934088676,-124.79959606591132,40075,49,0.0674931129476584,0.07506750549037039,54.4990089860089,726,False,27.0,143.0,25.0,116.0,True,74,0.09079754601226994,0.10203829639111951,0.0020382963911195068,83.1612115587624,815,0.0
0.1,0.10264832905952326,1.0,0.094,0.028,0.066,0.202,0.735,0.143,143,17,0.11888111888111888,0.13125765291790467,18.76984436726037,143,0.296,231.0,0.231,0.231,0.059,34,0.09387755102040816,0.704,0.0,0.704,0.727,6.496235614032712e-06,0.296,0.704,0.735,0.143,0.143,0.143,0.296,0.40272108843537413,0.006122448979591841,-0.006122448979591841,0.0,0.0,0.727,0.592,0.0010000000000000005,0.0777027027027027,0.09387755102040816,0.083,0.265,0.0,0.408,0.0,0.265,0.8462532846329365,0.265,0.704,0.0,0.0,0.012594067016398482,0.013950888250294089,0.083,0.0001042524918409955,0.265,0.006771422506490143,1000.0,0.408,0.0777027027027027,0.09387755102040816,0.202,3.2869198801858825e-05,0.097,3,3.0,0.265,0.8462532846329369,0.559,0.265,265,1000,0.143,ecocsf,0.296,296,0.012594067016398482,0.083,9.26787685241327,-221.73212314758672,40076,52,0.08783783783783784,0.09598050382292315,56.82045826317051,592,False,14.0,231.0,45.0,214.0,True,69,0.09387755102040816,0.10284394915704881,0.002843949157048803,75.59030263043087,735,0.0
0.1,0.11403008722543986,1.0,0.062,0.0,0.062,0.311,0.447,0.279,279,52,0.1863799283154122,0.26319045913645844,73.43013809907191,279,0.069,13.0,0.013,0.013,0.013,35,0.12751677852348994,0.931,0.006,0.931,0.934,2.680020699688336e-05,0.069,0.931,0.447,0.279,0.279,0.279,0.069,0.15436241610738255,0.027516778523489938,0.027516778523489938,0.027516778523489938,0.0,0.934,0.168,0.0010000000000000005,0.043478260869565216,0.12751677852348994,0.005,0.553,0.0,0.832,0.0,0.553,1.0345878117914744,0.553,0.931,0.0,0.0,0.02635162080754438,0.018329570994813724,0.005,0.00011084541403824366,0.553,0.01547616282569141,1000.0,0.832,0.043478260869565216,0.12751677852348994,0.311,9.890726526756865e-06,0.075,1,1.0,0.553,1.034587811791476,0.8,0.5529999999999999,553,1000,0.279,ecocsf,0.069,69,0.02635162080754438,0.005,2.2655429627941124,-10.734457037205887,40077,5,0.02976190476190476,0.044176724436640655,7.42168970535563,168,False,13.0,13.0,0.0,0.0,True,57,0.12751677852348994,0.1808765722694128,0.0808765722694128,80.85182780442753,447,0.0
0.1,0.11679491955892587,0.0,0.062,0.0,0.062,0.1,0.925,0.099,99,35,0.35353535353535354,0.4315561695362193,42.72406078408571,99,0.566,14.0,0.014,0.014,0.014,36,0.0745945945945946,0.434,0.061,0.434,0.459,1.645715499498543e-06,0.566,0.434,0.925,0.099,0.099,0.099,0.566,0.6118918918918919,0.02540540540540541,-0.02540540540540541,0.0,0.0,0.459,0.826,0.0010000000000000005,0.044169611307420496,0.0745945945945946,0.051,0.073,0.0,0.174,0.0,0.075,0.9805505501357097,0.075,0.434,0.0,0.0,0.014603745783955237,0.006279188636761922,0.051,0.00010815334666055242,0.075,0.0014944331820074162,1000.0,0.174,0.044169611307420496,0.0745945945945946,0.1,6.389123415488935e-05,0.076,0,0.0,0.075,0.9805505501357115,0.827,0.07499999999999996,75,1000,0.099,ecocsf,0.566,566,0.014603745783955237,0.051,0.46676562711824987,-13.53323437288175,40078,34,0.04116222760290557,0.05935278510819374,49.025400499368025,826,False,14.0,14.0,0.0,0.0,True,69,0.0745945945945946,0.09918860679292295,-0.0008113932070770574,91.74946128345373,925,0.0
0.1,0.10573843242616646,1.0,0.013,0.0,0.013,0.076,0.907,0.028,28,3,0.10714285714285714,0.10714285714285714,3.0,28,0.212,44.0,0.044,0.044,0.044,37,0.07717750826901874,0.788,0.001,0.788,0.811,2.277778227261715e-06,0.212,0.788,0.907,0.028,0.028,0.028,0.212,0.23373759647188533,0.022822491730981262,-0.022822491730981262,0.0,0.008490566037735847,0.811,0.879,0.0010000000000000005,0.10849056603773585,0.07717750826901874,0.077,0.093,0.0,0.121,0.0,0.093,0.22951192023059844,0.093,0.788,0.0,0.0,0.009747597859873813,0.013186145218704268,0.077,8.455096581645502e-05,0.093,0.0041990568369360826,1000.0,0.121,0.10849056603773585,0.07717750826901874,0.076,2.3511650557558188e-05,0.057,8,8.0,0.093,0.22951192023059827,0.124,0.09299999999999997,93,1000,0.028,ecocsf,0.212,212,0.009747597859873813,0.077,20.618893971429774,-23.381106028570226,40079,67,0.07622298065984073,0.09411305584429473,82.72537608713507,879,False,44.0,44.0,0.0,0.0,True,70,0.07717750826901874,0.09451529888328013,-0.005484701116719878,85.72537608713507,907,0.0
0.1,0.09850165541604457,1.0,0.107,0.018,0.089,0.288,0.605,0.174,174,34,0.19540229885057472,0.19860336036708395,34.55698470387261,174,0.045,211.0,0.211,0.211,0.047,38,0.12396694214876033,0.955,0.0,0.955,0.966,1.5838538367716316e-05,0.045,0.955,0.605,0.174,0.174,0.174,0.045,0.0743801652892562,0.02396694214876033,0.02396694214876033,0.02396694214876033,0.14444444444444443,0.966,0.431,0.0010000000000000005,0.24444444444444444,0.12396694214876033,0.072,0.395,0.0,0.569,0.0,0.395,0.7719152952994079,0.395,0.955,0.0,0.0,0.021755692176652533,0.02188394563866479,0.072,0.00010715454568703553,0.395,0.01769267297955816,1000.0,0.569,0.24444444444444444,0.12396694214876033,0.288,3.4960827303487947e-06,0.118,2,2.0,0.395,0.7719152952994073,0.485,0.395,395,1000,0.174,ecocsf,0.045,45,0.021755692176652533,0.072,8.793595236899225,-202.20640476310078,40080,41,0.0951276102088167,0.10797504835381871,46.53724584049586,431,False,14.0,211.0,33.0,195.0,True,75,0.12396694214876033,0.13404005048655943,0.03404005048655942,81.09423054436846,605,0.0
0.1,0.0976115785753294,1.0,0.079,0.009,0.07,0.295,0.671,0.036,36,18,0.5,0.510708239891684,18.385496636100626,36,0.166,223.0,0.223,0.223,0.124,39,0.10283159463487332,0.834,0.08,0.834,0.845,1.8927615230573551e-06,0.166,0.834,0.671,0.036,0.036,0.036,0.166,0.2473919523099851,0.0028315946348733134,0.0028315946348733134,0.0028315946348733134,0.0,0.845,0.635,0.0010000000000000005,0.06626506024096386,0.10283159463487332,0.08,0.329,0.0,0.365,0.0,0.329,0.5796836491700349,0.329,0.834,0.0,0.0,0.0209492334461553,0.019238987852460972,0.08,0.00011131772214901873,0.329,0.018008773717638663,1000.0,0.365,0.06626506024096386,0.10283159463487332,0.295,1.2942596852759238e-05,0.185,4,4.0,0.329,0.5796836491700349,0.365,0.32899999999999996,329,1000,0.036,ecocsf,0.166,166,0.0209492334461553,0.08,14.425467122577626,-208.57453287742237,40081,51,0.08031496062992126,0.08591574540647506,54.55649833311166,635,False,102.0,223.0,24.0,125.0,True,69,0.10283159463487332,0.10870640084830448,0.008706400848304471,72.9419949692123,671,0.0
0.1,0.10801958426802044,1.0,0.025,0.009,0.016,0.146,0.853,0.018,18,4,0.2222222222222222,0.2774825595481984,4.994686071867571,18,0.166,145.0,0.145,0.145,0.127,40,0.06799531066822978,0.834,0.026,0.834,0.855,4.61806438603314e-07,0.166,0.834,0.853,0.018,0.018,0.018,0.166,0.19460726846424384,0.032004689331770225,-0.032004689331770225,0.0,0.026506024096385528,0.855,0.835,0.0010000000000000005,0.12650602409638553,0.06799531066822978,0.07,0.147,0.0,0.165,0.0,0.147,0.3219209628927126,0.147,0.834,0.0,0.0,0.004706187041430778,0.01022700895359473,0.07,0.00010435245694971615,0.147,0.008921149978170001,1000.0,0.165,0.12650602409638553,0.06799531066822978,0.146,1.5651049127469677e-05,0.134,9,9.0,0.147,0.3219209628927123,0.208,0.14700000000000002,147,1000,0.018,ecocsf,0.166,166,0.004706187041430778,0.07,20.18243605738015,-124.81756394261984,40082,54,0.06467065868263473,0.0820039609678638,68.47330740816628,835,False,116.0,145.0,11.0,29.0,True,58,0.06799531066822978,0.08612894898011002,-0.013871051019889988,73.46799348003384,853,0.0
0.1,0.11087801249072846,1.0,0.028,0.005,0.023,0.061,0.891,0.07,70,4,0.05714285714285714,0.10215220215808109,7.150654151065676,70,0.128,49.0,0.049,0.049,0.013,41,0.0718294051627385,0.872,0.0,0.872,0.885,2.6540329420427076e-06,0.128,0.872,0.891,0.07,0.07,0.07,0.128,0.143658810325477,0.028170594837261503,-0.028170594837261503,0.0,0.0015624999999999944,0.885,0.821,0.0010000000000000005,0.1015625,0.0718294051627385,0.06,0.107,0.0,0.179,0.0,0.109,0.45062759348553355,0.109,0.872,0.0,0.0,0.01176766302916554,0.012995052334601891,0.06,0.00010761032505182296,0.109,0.0023753669064769493,1000.0,0.179,0.1015625,0.0718294051627385,0.061,1.2713564999254783e-05,0.031,7,7.0,0.109,0.4506275934855334,0.318,0.10899999999999999,109,1000,0.07,ecocsf,0.128,128,0.01176766302916554,0.06,17.259957563173664,-31.740042436826336,40083,60,0.0730816077953715,0.09667605581016094,79.37104182014212,821,False,7.0,49.0,6.0,42.0,True,64,0.0718294051627385,0.09710628055129944,-0.0028937194487005657,86.5216959712078,891,0.0
0.1,0.10114216203925239,1.0,0.078,0.038,0.04,0.157,0.842,0.074,74,19,0.25675675675675674,0.25675675675675674,19.0,74,0.141,253.0,0.253,0.253,0.078,42,0.11045130641330166,0.859,0.018,0.859,0.873,4.934939806306083e-06,0.141,0.859,0.842,0.074,0.074,0.074,0.141,0.167458432304038,0.01045130641330165,0.01045130641330165,0.01045130641330165,0.0,0.873,0.768,0.0010000000000000005,0.09929078014184398,0.11045130641330166,0.081,0.158,0.0,0.232,0.0,0.158,0.38134445662719074,0.158,0.859,0.0,0.0,0.026671850283988316,0.020878177303145472,0.081,0.00010172892093423347,0.158,0.008571362569482939,1000.0,0.232,0.09929078014184398,0.11045130641330166,0.157,2.0218670634316585e-05,0.08,8,8.0,0.158,0.38134445662719096,0.232,0.15800000000000003,158,1000,0.074,ecocsf,0.141,141,0.026671850283988316,0.081,19.792339766038594,-233.2076602339614,40084,74,0.09635416666666667,0.10391509126340344,79.80679009029384,768,False,27.0,253.0,54.0,251.0,True,93,0.11045130641330166,0.11734773169868624,0.01734773169868624,98.80679009029382,842,0.0
0.1,0.12017859206688902,1.0,0.122,0.003,0.119,0.212,0.65,0.12,120,11,0.09166666666666666,0.1346643159169775,16.1597179100373,120,0.142,130.0,0.13,0.13,0.005,43,0.06923076923076923,0.858,0.042,0.858,0.87,2.553887609926306e-06,0.142,0.858,0.65,0.12,0.12,0.12,0.142,0.21846153846153846,0.03076923076923077,-0.03076923076923077,0.0,0.0,0.87,0.53,0.0010000000000000005,0.08450704225352113,0.06923076923076923,0.034,0.35,0.0,0.47,0.0,0.35,0.9258545096552467,0.35,0.858,0.0,0.0,0.009575262879303164,0.009487181823225412,0.034,9.343688176372802e-05,0.35,0.0031272330922358033,1000.0,0.47,0.08450704225352113,0.06923076923076923,0.212,1.0843542695990409e-05,0.121,1,1.0,0.35,0.9258545096552461,0.808,0.35,350,1000,0.12,ecocsf,0.142,142,0.009575262879303164,0.034,3.6026044386926332,-126.39739556130736,40085,34,0.06415094339622641,0.08296119354564528,43.969432579192,530,False,0.0,130.0,5.0,130.0,True,45,0.06923076923076923,0.09250638536804509,-0.007493614631954915,60.12915048922931,650,0.0
0.1,0.10818913980445577,1.0,0.005,0.0,0.005,0.126,0.64,0.109,109,3,0.027522935779816515,0.09250376475742715,10.082910358559559,109,0.017,27.0,0.027,0.027,0.027,44,0.075,0.983,0.0,0.983,0.983,7.395381871768742e-06,0.017,0.983,0.64,0.109,0.109,0.109,0.017,0.0265625,0.02500000000000001,-0.02500000000000001,0.0,0.0,0.983,0.531,0.0010000000000000005,0.0,0.075,0.048,0.352,0.0,0.469,0.0,0.36,0.7191684641004804,0.36,0.983,0.0,0.0,0.00785224715786939,0.013406285915688205,0.048,9.817432730229212e-05,0.36,0.0066727881195933906,1000.0,0.469,0.0,0.075,0.126,1.1392901940375425e-06,0.032,3,3.0,0.36,0.7191684641004809,0.509,0.36,360,1000,0.109,ecocsf,0.017,17,0.00785224715786939,0.048,9.002127739893414,-17.997872260106586,40086,45,0.0847457627118644,0.0982386415651191,52.16471867107825,531,False,27.0,27.0,0.0,0.0,True,48,0.075,0.09726192035880905,-0.002738079641190952,62.24762902963779,640,0.0
0.1,0.0970054583092344,1.0,0.118,0.007,0.111,0.343,0.661,0.072,72,23,0.3194444444444444,0.3574299785715291,25.734958457150093,72,0.321,209.0,0.209,0.209,0.136,45,0.08925869894099848,0.679,0.0,0.679,0.696,3.075158566670147e-06,0.321,0.679,0.661,0.072,0.072,0.072,0.321,0.4856278366111952,0.01074130105900152,-0.01074130105900152,0.0,0.0,0.696,0.589,0.0010000000000000005,0.0529595015576324,0.08925869894099848,0.061,0.339,0.0,0.411,0.0,0.339,0.7606299210049904,0.339,0.679,0.0,0.0,0.014122497358206398,0.014642874712053992,0.061,9.73798918742776e-05,0.339,0.012334753377668577,1000.0,0.411,0.0529595015576324,0.08925869894099848,0.343,2.9254780877989073e-05,0.24,4,4.0,0.339,0.7606299210049904,0.415,0.33899999999999997,339,1000,0.072,ecocsf,0.321,321,0.014122497358206398,0.061,9.443406271809467,-199.55659372819053,40087,36,0.06112054329371817,0.06886705851905953,40.56269746772606,589,False,117.0,209.0,19.0,94.0,True,59,0.08925869894099848,0.10029902560495636,0.0002990256049563572,66.29765592487615,661,0.0
0.1,0.09839928832399888,1.0,0.044,0.0,0.044,0.21,0.719,0.13,130,17,0.13076923076923078,0.17516088093714183,22.770914521828438,130,0.049,100.0,0.1,0.1,0.087,46,0.10987482614742698,0.951,0.0,0.951,0.951,6.280858704041923e-06,0.049,0.951,0.719,0.13,0.13,0.13,0.049,0.06815020862308763,0.009874826147426977,0.009874826147426977,0.009874826147426977,0.0,0.951,0.589,0.0010000000000000005,0.0,0.10987482614742698,0.071,0.281,0.0,0.411,0.0,0.281,0.7391270737575851,0.281,0.951,0.0,0.0,0.02980685071229606,0.019550506140339274,0.071,0.00010936162741407524,0.281,0.012456540209023656,1000.0,0.411,0.0,0.10987482614742698,0.21,4.832135870986135e-06,0.131,3,3.0,0.281,0.739127073757585,0.411,0.281,281,1000,0.13,ecocsf,0.049,49,0.02980685071229606,0.071,10.048216803435235,-89.95178319656476,40088,62,0.10526315789473684,0.11581798793634823,68.2167948945091,589,False,84.0,100.0,3.0,16.0,True,79,0.10987482614742698,0.12654757916041381,0.02654757916041381,90.98770941633754,719,0.0
0.1,0.10178967723159604,1.0,0.025,0.0,0.025,0.199,0.514,0.102,102,8,0.0784313725490196,0.0784313725490196,8.0,102,0.01,72.0,0.072,0.072,0.055,47,0.08560311284046693,0.99,0.002,0.99,0.994,8.034558370340519e-06,0.01,0.99,0.514,0.102,0.102,0.102,0.01,0.019455252918287938,0.014396887159533078,-0.014396887159533078,0.0,0.30000000000000004,0.994,0.412,0.0010000000000000005,0.4,0.08560311284046693,0.046,0.486,0.0,0.588,0.0,0.486,0.7962619246753788,0.486,0.99,0.0,0.0,0.014308008535870024,0.013216300469027257,0.046,9.733740205059123e-05,0.486,0.010558768194784775,1000.0,0.588,0.4,0.08560311284046693,0.199,1.1095627812386758e-06,0.08,3,3.0,0.486,0.7962619246753787,0.567,0.486,486,1000,0.102,ecocsf,0.01,10,0.014308008535870024,0.046,8.607966420530218,-63.39203357946978,40089,36,0.08737864077669903,0.11830720122866596,48.74256690621038,412,False,53.0,72.0,2.0,19.0,True,44,0.08560311284046693,0.1103940990393198,0.010394099039319801,56.74256690621038,514,0.0
0.1,0.10316896294463412,1.0,0.0,0.0,0.0,0.262,0.284,0.085,85,22,0.25882352941176473,0.28543346423509697,24.261844459983244,85,0.02,0.0,0.0,0.0,0.0,48,0.13732394366197184,0.98,0.0,0.98,0.982,8.1469841887097e-06,0.02,0.98,0.284,0.085,0.085,0.085,0.02,0.07042253521126761,0.03732394366197184,0.03732394366197184,0.03732394366197184,0.0,0.982,0.199,0.0010000000000000005,0.1,0.13732394366197184,0.017,0.716,0.0,0.801,0.0,0.716,0.8994983320471764,0.716,0.98,0.0,0.0,0.02552425780539594,0.025084655140066893,0.017,9.125227792499083e-05,0.716,0.018485231605437132,1000.0,0.801,0.1,0.13732394366197184,0.262,3.3105271202863404e-06,0.0,3,3.0,0.716,0.8994983320471767,0.608,0.716,716,1000,0.085,ecocsf,0.02,20,0.02552425780539594,0.017,6.06318686264661,6.06318686264661,40090,17,0.08542713567839195,0.10456983685488569,20.80939753412225,199,False,0.0,0.0,0.0,0.0,True,39,0.13732394366197184,0.1587015563172729,0.05870155631727289,45.0712419941055,284,1.0
0.1,0.10066301644261008,1.0,0.073,0.005,0.068,0.205,0.792,0.083,83,18,0.21686746987951808,0.2518374517132238,20.902508492197576,83,0.186,146.0,0.146,0.146,0.074,49,0.10353535353535354,0.814,0.0,0.814,0.822,7.528623348778478e-06,0.186,0.814,0.792,0.083,0.083,0.083,0.186,0.23484848484848486,0.0035353535353535304,0.0035353535353535304,0.0035353535353535304,0.0,0.822,0.709,0.0010000000000000005,0.043010752688172046,0.10353535353535354,0.067,0.208,0.0,0.291,0.0,0.208,0.4785123759006465,0.208,0.814,0.0,0.0,0.021750485249592316,0.024064690436724854,0.067,0.0001048354375771562,0.208,0.012990211267751657,1000.0,0.291,0.043010752688172046,0.10353535353535354,0.205,1.908913864198106e-05,0.137,8,8.0,0.208,0.4785123759006463,0.288,0.20799999999999996,208,1000,0.083,ecocsf,0.186,186,0.021750485249592316,0.067,16.545922047990366,-129.45407795200964,40091,64,0.09026798307475317,0.09954386474777524,70.57660010617265,709,False,55.0,146.0,19.0,90.0,True,82,0.10353535353535354,0.1155039249979422,0.01550392499794219,91.47910859837022,792,0.0
0.2,0.19900031936229629,1.0,0.05,0.001,0.049,0.135,0.872,0.036,36,14,0.3888888888888889,0.42482605964965514,15.293738147387586,36,0.28,106.0,0.106,0.106,0.055,0,0.06995412844036697,0.72,0.0,0.72,0.741,1.6514513283689138e-06,0.28,0.72,0.872,0.036,0.036,0.036,0.28,0.3211009174311927,0.030045871559633036,-0.030045871559633036,0.0,0.0,0.741,0.836,0.0010000000000000005,0.075,0.06995412844036697,0.056,0.128,0.0,0.164,0.0,0.128,0.29183032896346744,0.128,0.72,0.0,0.0,0.01664316286230294,0.014637106923147599,0.056,9.579244840700266e-05,0.128,0.005381967560614337,1000.0,0.164,0.075,0.06995412844036697,0.135,2.49179138789688e-05,0.103,8,8.0,0.128,0.2918303289634676,0.164,0.128,128,1000,0.036,ecocsf,0.28,280,0.01664316286230294,0.056,19.569169974783527,-86.43083002521647,40042,47,0.056220095693779906,0.08756085651110504,73.20087604328381,836,False,34.0,106.0,21.0,72.0,True,61,0.06995412844036697,0.10148464930122864,0.00148464930122863,88.49461419067137,872,0.0
0.2,0.18330197674119642,0.0,0.025,0.0,0.025,0.301,0.113,0.079,79,39,0.4936708860759494,0.5393296355754752,42.60704121046254,79,0.0,0.0,0.0,0.0,0.0,1,0.39823008849557523,1.0,0.0,1.0,1.0,6.9791486209934125e-06,0.0,1.0,0.113,0.079,0.079,0.079,0.0,0.0,0.2982300884955752,0.2982300884955752,0.2982300884955752,,1.0,0.034,0.0010000000000000005,,0.39823008849557523,0.007,0.887,0.0,0.966,0.0,0.887,1.083709237429945,0.887,1.0,0.0,0.0,0.04872201164568396,0.03256455260624413,0.007,0.00010097751234484326,0.887,0.02786005439995081,1000.0,0.966,,0.39823008849557523,0.301,0.0,0.025,0,0.0,0.887,1.0837092374299455,0.613,0.887,887,1000,0.079,ecocsf,0.0,0,0.04872201164568396,0.007,0.5634112695969102,0.5634112695969102,40043,6,0.17647058823529413,0.217474089888673,7.394119056214882,34,False,0.0,0.0,0.0,0.0,True,45,0.39823008849557523,0.44248814395289754,0.3424881439528975,50.001160266677424,113,1.0
0.2,0.21643521538255633,0.0,0.04,0.012,0.028,0.163,0.565,0.197,197,13,0.06598984771573604,0.11022956035966762,21.715223390854522,197,0.085,174.0,0.174,0.174,0.038,2,0.07079646017699115,0.915,0.001,0.915,0.925,1.2160274161766578e-05,0.085,0.915,0.565,0.197,0.197,0.197,0.085,0.1504424778761062,0.029203539823008856,-0.029203539823008856,0.0,0.017647058823529405,0.925,0.368,0.0010000000000000005,0.11764705882352941,0.07079646017699115,0.034,0.427,0.0,0.632,0.0,0.435,1.121657794511121,0.435,0.915,0.0,0.0,0.002266479882418209,0.010547901318941313,0.034,0.00010703058298463485,0.435,0.007618380374975245,1000.0,0.632,0.11764705882352941,0.07079646017699115,0.163,5.753346925929315e-06,0.054,0,0.0,0.435,1.1216577945111212,0.794,0.43500000000000005,435,1000,0.197,ecocsf,0.085,85,0.002266479882418209,0.034,1.9848325950611494,-172.01516740493886,40044,27,0.07336956521739131,0.08753133329709276,32.211530653330136,368,False,21.0,174.0,17.0,150.0,True,40,0.07079646017699115,0.09544558237908793,-0.004554417620912077,53.926754044184676,565,0.0
0.2,0.18888115948801382,1.0,0.081,0.034,0.047,0.23,0.707,0.081,81,25,0.30864197530864196,0.3350285418727196,27.137311891690285,81,0.118,231.0,0.231,0.231,0.12,3,0.11456859971711457,0.882,0.008,0.882,0.899,6.079201679331789e-06,0.118,0.882,0.707,0.081,0.081,0.081,0.118,0.1669024045261669,0.014568599717114564,0.014568599717114564,0.014568599717114564,0.04406779661016949,0.899,0.626,0.0010000000000000005,0.1440677966101695,0.11456859971711457,0.073,0.293,0.0,0.374,0.0,0.293,0.5876369870960328,0.293,0.882,0.0,0.0,0.028762576315251438,0.021780971675116844,0.073,0.00010294881034660798,0.293,0.012080115641451368,1000.0,0.374,0.1440677966101695,0.11456859971711457,0.23,1.043023955141387e-05,0.133,4,4.0,0.293,0.5876369870960331,0.349,0.29300000000000004,293,1000,0.081,ecocsf,0.118,118,0.028762576315251438,0.073,12.03941731963139,-218.96058268036862,40045,56,0.08945686900958466,0.09809020144232022,61.404466102892464,626,False,74.0,231.0,46.0,157.0,True,81,0.11456859971711457,0.1252358953247281,0.025235895324728086,88.54177799458276,707,0.0
0.2,0.19751828173250918,1.0,0.01,0.0,0.01,0.083,0.911,0.03,30,15,0.5,0.50986390067606,15.295917020281802,30,0.206,14.0,0.014,0.014,0.014,4,0.09110867178924259,0.794,0.005,0.794,0.806,1.0517525928473688e-06,0.206,0.794,0.911,0.03,0.03,0.03,0.206,0.2261251372118551,0.008891328210757415,-0.008891328210757415,0.0,0.0,0.806,0.881,0.0010000000000000005,0.05825242718446602,0.09110867178924259,0.076,0.087,0.0,0.119,0.0,0.089,0.13560641680765012,0.089,0.794,0.0,0.0,0.02312986328357384,0.01614068960511763,0.076,0.0001034838894665116,0.089,0.003621179777648733,1000.0,0.119,0.05825242718446602,0.09110867178924259,0.083,1.557341035504235e-05,0.024,9,9.0,0.089,0.13560641680765012,0.123,0.08899999999999997,89,1000,0.03,ecocsf,0.206,206,0.02312986328357384,0.076,24.149593166428293,10.149593166428293,40046,68,0.0771850170261067,0.0941948908696242,82.98569885613891,881,False,14.0,14.0,0.0,0.0,True,83,0.09110867178924259,0.10788322269640034,0.007883222696400335,98.28161587642072,911,0.0
0.2,0.18816898359895745,1.0,0.1,0.004,0.096,0.32,0.556,0.091,91,15,0.16483516483516483,0.17347456209688591,15.786185150816618,91,0.049,115.0,0.115,0.115,0.032,5,0.11510791366906475,0.951,0.025,0.951,0.961,5.877201553135498e-06,0.049,0.951,0.556,0.091,0.091,0.091,0.049,0.08812949640287769,0.015107913669064749,0.015107913669064749,0.015107913669064749,0.10408163265306122,0.961,0.465,0.0010000000000000005,0.20408163265306123,0.11510791366906475,0.062,0.444,0.0,0.535,0.0,0.444,0.8525409461054214,0.444,0.951,0.0,0.0,0.024657087957277828,0.019402627736321607,0.062,0.00010103839017894748,0.444,0.013737372560283607,1000.0,0.535,0.20408163265306123,0.11510791366906475,0.32,3.164676970820792e-06,0.124,4,4.0,0.444,0.8525409461054212,0.522,0.44399999999999995,444,1000,0.091,ecocsf,0.049,49,0.024657087957277828,0.062,9.29757694145375,-105.70242305854624,40047,49,0.1053763440860215,0.11472710614966959,53.34810435959636,465,False,20.0,115.0,12.0,95.0,True,64,0.11510791366906475,0.12434224732088664,0.024342247320886634,69.13428951041297,556,0.0
0.2,0.24489970856198337,0.0,0.014,0.014,0.0,0.027,0.99,0.081,81,0,0.0,0.006037485539440456,0.48903632869467695,81,0.635,103.0,0.103,0.103,0.014,6,0.0797979797979798,0.365,0.017,0.365,0.428,1.9795908665896626e-06,0.635,0.365,0.99,0.081,0.081,0.081,0.635,0.6414141414141414,0.020202020202020207,-0.020202020202020207,0.0,0.0,0.428,0.909,0.0010000000000000005,0.09921259842519685,0.0797979797979798,0.079,0.01,0.0,0.091,0.0,0.01,0.9566174527263125,0.01,0.365,0.0,0.0,0.007522210122228202,0.007942702492379498,0.079,0.00010069502090288882,0.01,0.00024725735908021556,1000.0,0.091,0.09921259842519685,0.0797979797979798,0.027,6.098226734078412e-05,0.0,0,0.0,0.01,0.9566174527263122,0.907,0.010000000000000009,10,1000,0.081,ecocsf,0.635,635,0.007522210122228202,0.079,0.6057060336787516,-102.39429396632124,40048,79,0.08690869086908691,0.10012405353148869,91.01276466012322,909,False,0.0,103.0,14.0,96.0,True,79,0.0797979797979798,0.09242606160486658,-0.007573938395133428,91.5018009888179,990,0.0
0.2,0.1944659405133675,1.0,0.066,0.015,0.051,0.146,0.792,0.067,67,15,0.22388059701492538,0.24315851046423254,16.29162020110358,67,0.263,75.0,0.075,0.075,0.016,7,0.0946969696969697,0.737,0.005,0.737,0.755,4.749538962226565e-06,0.263,0.737,0.792,0.067,0.067,0.067,0.263,0.33207070707070707,0.005303030303030309,-0.005303030303030309,0.0,0.0,0.755,0.725,0.0010000000000000005,0.06844106463878327,0.0946969696969697,0.061,0.208,0.0,0.275,0.0,0.208,0.40794278245481985,0.208,0.737,0.0,0.0,0.017061777126803287,0.018930897863104746,0.061,9.256157249914062e-05,0.208,0.006113278238578012,1000.0,0.275,0.06844106463878327,0.0946969696969697,0.146,2.183581181616884e-05,0.052,9,9.0,0.208,0.40794278245481974,0.248,0.20799999999999996,208,1000,0.067,ecocsf,0.263,263,0.017061777126803287,0.061,18.476746580229438,-56.52325341977056,40049,60,0.08275862068965517,0.0934064770867941,67.71969588792572,725,False,0.0,75.0,16.0,75.0,True,75,0.0946969696969697,0.10607489405180467,0.006074894051804669,84.01131608902931,792,0.0
0.2,0.1905805346487342,1.0,0.103,0.031,0.072,0.231,0.79,0.094,94,36,0.3829787234042553,0.40383511869301586,37.96050115714349,94,0.277,243.0,0.243,0.243,0.083,8,0.08734177215189873,0.723,0.0,0.723,0.733,5.03552278829373e-06,0.277,0.723,0.79,0.094,0.094,0.094,0.277,0.35063291139240504,0.012658227848101278,-0.012658227848101278,0.0,0.0,0.733,0.696,0.0010000000000000005,0.036101083032490974,0.08734177215189873,0.045,0.209,0.0,0.304,0.0,0.21,0.5021658073247833,0.21,0.723,0.0,0.0,0.01555569378563331,0.02311575855585019,0.045,0.00010078197305621226,0.21,0.009729189638775828,1000.0,0.304,0.036101083032490974,0.08734177215189873,0.231,1.798331562952103e-05,0.124,7,7.0,0.21,0.5021658073247832,0.309,0.20999999999999996,210,1000,0.094,ecocsf,0.277,277,0.01555569378563331,0.045,19.194916381172288,-223.80508361882772,40050,33,0.04741379310344827,0.06412459111606766,44.6307154167831,696,False,28.0,243.0,55.0,213.0,True,69,0.08734177215189873,0.10454584376446403,0.004545843764464028,82.59121657392659,790,0.0
0.2,0.19694341629666098,1.0,0.079,0.029,0.05,0.17,0.826,0.044,44,18,0.4090909090909091,0.4445301821653118,19.55932801527372,44,0.227,233.0,0.233,0.233,0.101,9,0.08716707021791767,0.773,0.0,0.773,0.784,3.5545718448364105e-06,0.227,0.773,0.826,0.044,0.044,0.044,0.227,0.274818401937046,0.012832929782082336,-0.012832929782082336,0.0,0.0,0.784,0.782,0.0010000000000000005,0.048458149779735685,0.08716707021791767,0.061,0.174,0.0,0.218,0.0,0.174,0.33494818403442106,0.174,0.773,0.0,0.0,0.015598104825519776,0.02075907649059152,0.061,0.00010419809841529891,0.174,0.01013495411695778,1000.0,0.218,0.048458149779735685,0.08716707021791767,0.17,2.514532505528197e-05,0.122,8,8.0,0.174,0.3349481840344212,0.2,0.17400000000000004,174,1000,0.044,ecocsf,0.227,227,0.015598104825519776,0.061,20.431831363284108,-212.56816863671588,40051,54,0.06905370843989769,0.08336745352312269,65.19334865508195,782,False,53.0,233.0,50.0,187.0,True,72,0.08716707021791767,0.10260614609001897,0.002606146090018968,84.75267667035567,826,0.0
0.2,0.19602006604665342,1.0,0.057,0.002,0.055,0.077,0.945,0.042,42,22,0.5238095238095238,0.5523983494844165,23.200730678345494,42,0.492,84.0,0.084,0.084,0.011,10,0.08571428571428572,0.508,0.015,0.508,0.535,1.540180578981528e-06,0.492,0.508,0.945,0.042,0.042,0.042,0.492,0.5206349206349207,0.01428571428571429,-0.01428571428571429,0.0,0.0,0.535,0.903,0.0010000000000000005,0.054878048780487805,0.08571428571428572,0.062,0.055,0.0,0.097,0.0,0.055,0.1637806473772474,0.055,0.508,0.0,0.0,0.017464997211211246,0.015582799172577403,0.062,9.875974313271123e-05,0.055,0.0019915890278936095,1000.0,0.097,0.054878048780487805,0.08571428571428572,0.077,5.385646030836254e-05,0.064,11,11.0,0.055,0.16378064737724746,0.104,0.05500000000000005,55,1000,0.042,ecocsf,0.492,492,0.017464997211211246,0.062,24.725161285159718,-59.274838714840286,40052,59,0.06533776301218161,0.08117878971411598,73.30444711184673,903,False,1.0,84.0,10.0,83.0,True,81,0.08571428571428572,0.10212188125946266,0.002121881259462652,96.5051777901922,945,0.0
0.2,0.21694145021217426,1.0,0.05,0.0,0.05,0.184,0.799,0.043,43,15,0.3488372093023256,0.43793168409771055,18.831062416201554,43,0.206,55.0,0.055,0.055,0.055,11,0.06382978723404255,0.794,0.038,0.794,0.805,1.1181189186609654e-06,0.206,0.794,0.799,0.043,0.043,0.043,0.206,0.25782227784730916,0.03617021276595746,-0.03617021276595746,0.0,0.0,0.805,0.756,0.0010000000000000005,0.05339805825242718,0.06382978723404255,0.05,0.196,0.0,0.244,0.0,0.201,0.38740079693022167,0.201,0.794,0.0,0.0,0.004121908870798983,0.010959215297916408,0.05,9.577090513715906e-05,0.201,0.0050828866383723255,1000.0,0.244,0.05339805825242718,0.06382978723404255,0.184,2.0227908205868747e-05,0.105,3,3.0,0.201,0.38740079693022156,0.284,0.20099999999999996,201,1000,0.043,ecocsf,0.206,206,0.004121908870798983,0.05,6.72484576358879,-48.27515423641121,40053,36,0.047619047619047616,0.06522349917097636,49.30896537325813,756,False,55.0,55.0,0.0,0.0,True,51,0.06382978723404255,0.08528163678280311,-0.014718363217196898,68.14002778945968,799,0.0
0.2,0.20459179169560132,1.0,0.039,0.002,0.037,0.097,0.906,0.032,32,11,0.34375,0.3739349536067215,11.965918515415089,32,0.153,62.0,0.062,0.062,0.012,12,0.08940397350993377,0.847,0.048,0.847,0.866,1.317783350591524e-06,0.153,0.847,0.906,0.032,0.032,0.032,0.153,0.16887417218543047,0.010596026490066232,-0.010596026490066232,0.0,0.02418300653594771,0.866,0.874,0.0010000000000000005,0.12418300653594772,0.08940397350993377,0.075,0.094,0.0,0.126,0.0,0.094,0.20077189931353293,0.094,0.847,0.0,0.0,0.01659314912542207,0.014344530536413415,0.075,0.00010094499325038758,0.094,0.002861469991976157,1000.0,0.126,0.12418300653594772,0.08940397350993377,0.097,1.3128479480585367e-05,0.047,11,11.0,0.094,0.20077189931353304,0.127,0.09399999999999997,94,1000,0.032,ecocsf,0.153,153,0.01659314912542207,0.075,24.446503681493915,-37.553496318506085,40054,70,0.08009153318077804,0.09101260178558124,79.545013960598,874,False,0.0,62.0,12.0,62.0,True,81,0.08940397350993377,0.10100544423401002,0.001005444234010014,91.51093247601308,906,0.0
0.2,0.23892403262237205,0.0,0.066,0.0,0.066,0.121,0.864,0.112,112,30,0.26785714285714285,0.30276761909155914,33.90997333825462,112,0.319,20.0,0.02,0.02,0.005,13,0.07291666666666667,0.681,0.206,0.681,0.707,2.9672924496072646e-06,0.319,0.681,0.864,0.112,0.112,0.112,0.319,0.36921296296296297,0.027083333333333334,-0.027083333333333334,0.0,0.0,0.707,0.752,0.0010000000000000005,0.08150470219435736,0.07291666666666667,0.034,0.136,0.0,0.248,0.0,0.136,1.0342721467323446,0.136,0.681,0.0,0.0,0.004581006243552673,0.009409121291415946,0.034,9.66331067426332e-05,0.136,0.0026198185460626572,1000.0,0.248,0.08150470219435736,0.07291666666666667,0.121,2.5926515892817332e-05,0.071,0,0.0,0.136,1.0342721467323428,0.857,0.136,136,1000,0.112,ecocsf,0.319,319,0.004581006243552673,0.034,0.5841672454858939,-19.415832754514106,40055,33,0.043882978723404256,0.05723181563152281,43.038325354905155,752,False,0.0,20.0,5.0,20.0,True,63,0.07291666666666667,0.08906053089486085,-0.010939469105139155,76.94829869315977,864,0.0
0.2,0.20193932912787257,1.0,0.082,0.0,0.082,0.161,0.829,0.029,29,17,0.5862068965517241,0.5862068965517241,17.0,29,0.09,81.0,0.081,0.081,0.021,14,0.09288299155609167,0.91,0.002,0.91,0.926,1.3818315763489096e-06,0.09,0.91,0.829,0.029,0.029,0.029,0.09,0.10856453558504221,0.007117008443908335,-0.007117008443908335,0.0,0.07777777777777778,0.926,0.8,0.0010000000000000005,0.17777777777777778,0.09288299155609167,0.07,0.171,0.0,0.2,0.0,0.171,0.280279489822585,0.171,0.91,0.0,0.0,0.026539329576269775,0.01832050555998028,0.07,0.00010141269794540169,0.171,0.007286608734769843,1000.0,0.2,0.17777777777777778,0.09288299155609167,0.161,1.0278112973848111e-05,0.103,9,9.0,0.171,0.28027948982258477,0.186,0.17100000000000004,171,1000,0.029,ecocsf,0.09,90,0.026539329576269775,0.07,21.430494119509927,-59.56950588049007,40056,60,0.075,0.0960264514407727,76.82116115261816,800,False,11.0,81.0,10.0,70.0,True,77,0.09288299155609167,0.1131738976509266,0.013173897650926594,93.82116115261815,829,0.0
0.2,0.18075666161687337,1.0,0.14,0.0,0.14,0.33,0.56,0.053,53,22,0.41509433962264153,0.4281332030665566,22.6910597625275,53,0.14,43.0,0.043,0.043,0.043,15,0.08928571428571429,0.86,0.001,0.86,0.874,1.9595966956990896e-06,0.14,0.86,0.56,0.053,0.053,0.053,0.14,0.25,0.010714285714285718,-0.010714285714285718,0.0,0.0,0.874,0.507,0.0010000000000000005,0.1,0.08928571428571429,0.043,0.439,0.0,0.493,0.0,0.44,0.9576387298588596,0.44,0.86,0.0,0.0,0.014845596862496962,0.015405080846014498,0.043,0.00010143652128272629,0.44,0.009158786326243612,1000.0,0.493,0.1,0.08928571428571429,0.33,8.61750010444572e-06,0.183,1,1.0,0.44,0.9576387298588586,0.507,0.43999999999999995,440,1000,0.053,ecocsf,0.14,140,0.014845596862496962,0.043,3.0434322823862,-39.9565677176138,40057,28,0.055226824457593686,0.06531387336423713,33.11413379566823,507,False,43.0,43.0,0.0,0.0,True,50,0.08928571428571429,0.09965213135392095,-0.00034786864607905255,55.80519355819573,560,0.0
0.2,0.18607765226631992,1.0,0.146,0.038,0.108,0.366,0.609,0.061,61,25,0.4098360655737705,0.4605449076140628,28.09323936445783,61,0.199,329.0,0.329,0.329,0.141,16,0.09523809523809523,0.801,0.004,0.801,0.814,4.0967697225348975e-06,0.199,0.801,0.609,0.061,0.061,0.061,0.199,0.32676518883415434,0.004761904761904773,-0.004761904761904773,0.0,0.0,0.814,0.548,0.0010000000000000005,0.06532663316582915,0.09523809523809523,0.06,0.391,0.0,0.452,0.0,0.391,0.623232736498843,0.391,0.801,0.0,0.0,0.019816769903761185,0.02731052978431484,0.06,9.644974512476858e-05,0.391,0.023769139521211086,1000.0,0.452,0.06532663316582915,0.09523809523809523,0.366,2.0487017379570235e-05,0.211,5,5.0,0.391,0.6232327364988424,0.396,0.391,391,1000,0.061,ecocsf,0.199,199,0.019816769903761185,0.06,13.26933495382756,-315.7306650461724,40058,33,0.060218978102189784,0.07248229974787976,39.720300261838105,548,False,57.0,329.0,85.0,296.0,True,58,0.09523809523809523,0.11135228181657789,0.01135228181657788,67.81353962629593,609,0.0
0.2,0.18506430737966306,1.0,0.059,0.001,0.058,0.273,0.545,0.075,75,30,0.4,0.4,30.0,75,0.263,129.0,0.129,0.129,0.076,17,0.11009174311926606,0.737,0.01,0.737,0.749,7.18563372127982e-06,0.263,0.737,0.545,0.075,0.075,0.075,0.263,0.48256880733944957,0.010091743119266056,0.010091743119266056,0.010091743119266056,0.0,0.749,0.47,0.0010000000000000005,0.045627376425855515,0.11009174311926606,0.036,0.455,0.0,0.53,0.0,0.455,0.7115479671104626,0.455,0.737,0.0,0.0,0.021501651260448288,0.03122918537743668,0.036,8.749498213491861e-05,0.455,0.023648908992006355,1000.0,0.53,0.045627376425855515,0.11009174311926606,0.273,2.6440797120100454e-05,0.133,4,4.0,0.455,0.711547967110462,0.411,0.45499999999999996,455,1000,0.075,ecocsf,0.263,263,0.021501651260448288,0.036,11.89798120813193,-117.10201879186808,40059,30,0.06382978723404255,0.076994223365379,36.18728498172813,470,False,67.0,129.0,9.0,62.0,True,60,0.11009174311926606,0.12144455959950118,0.021444559599501173,66.18728498172814,545,0.0
0.2,0.20564195898259857,1.0,0.026,0.025,0.001,0.113,0.715,0.086,86,13,0.1511627906976744,0.17604905471528376,15.140218705514403,86,0.083,88.0,0.088,0.088,0.026,18,0.1048951048951049,0.917,0.0,0.917,0.928,6.831220893638694e-06,0.083,0.917,0.715,0.086,0.086,0.086,0.083,0.11608391608391608,0.00489510489510489,0.00489510489510489,0.00489510489510489,0.032530120481927716,0.928,0.629,0.0010000000000000005,0.13253012048192772,0.1048951048951049,0.064,0.285,0.0,0.371,0.0,0.285,0.5136154195296204,0.285,0.917,0.0,0.0,0.018085651526519732,0.018631487896631098,0.064,0.00010163624303544333,0.285,0.006309814124812803,1000.0,0.371,0.13253012048192772,0.1048951048951049,0.113,5.162246254544173e-06,0.002,6,6.0,0.285,0.5136154195296203,0.383,0.28500000000000003,285,1000,0.086,ecocsf,0.083,83,0.018085651526519732,0.064,15.083466136340009,-72.91653386365999,40060,62,0.0985691573926868,0.10218863865603109,64.27665371464356,629,False,0.0,88.0,26.0,88.0,True,75,0.1048951048951049,0.11107254883938178,0.011072548839381774,79.41687242015797,715,0.0
0.2,0.1940067073403092,1.0,0.09,0.05,0.04,0.161,0.779,0.1,100,9,0.09,0.1185981668677717,11.85981668677717,100,0.017,189.0,0.189,0.189,0.065,19,0.0962772785622593,0.983,0.0,0.983,0.988,7.828253320037154e-06,0.017,0.983,0.779,0.1,0.1,0.1,0.017,0.021822849807445442,0.003722721437740703,-0.003722721437740703,0.0,0.19411764705882353,0.988,0.679,0.0010000000000000005,0.29411764705882354,0.0962772785622593,0.071,0.221,0.0,0.321,0.0,0.221,0.5101049678005275,0.221,0.983,0.0,0.0,0.018184074076546125,0.01978079758098265,0.071,9.171786860108758e-05,0.221,0.00697214480460087,1000.0,0.321,0.29411764705882354,0.0962772785622593,0.161,1.4177701332664575e-06,0.055,6,6.0,0.221,0.5101049678005272,0.361,0.22099999999999997,221,1000,0.1,ecocsf,0.017,17,0.018184074076546125,0.071,14.241355603087948,-174.75864439691205,40061,66,0.09720176730486009,0.11053388911606123,75.05251070980557,679,False,15.0,189.0,50.0,174.0,True,75,0.0962772785622593,0.11156909807006771,0.011569098070067702,86.91232739658274,779,0.0
0.2,0.24040334206948422,0.0,0.024,0.004,0.02,0.394,0.116,0.02,20,3,0.15,0.18450507153764945,3.690101430752989,20,0.046,66.0,0.066,0.066,0.033,20,0.0603448275862069,0.954,0.0,0.954,0.956,1.506558362430432e-06,0.046,0.954,0.116,0.02,0.02,0.02,0.046,0.39655172413793105,0.039655172413793106,-0.039655172413793106,0.0,0.0,0.956,0.096,0.0010000000000000005,0.043478260869565216,0.0603448275862069,0.01,0.884,0.0,0.904,0.0,0.884,1.1645690814884528,0.884,0.954,0.0,0.0,0.0138435964093047,0.014218129433577633,0.01,9.665901199696802e-05,0.884,0.013808068621916941,1000.0,0.904,0.043478260869565216,0.0603448275862069,0.394,3.338593428471037e-06,0.049,0,0.0,0.884,1.1645690814884528,0.914,0.884,884,1000,0.02,ecocsf,0.046,46,0.0138435964093047,0.01,1.0219913286127713,-64.97800867138723,40062,4,0.041666666666666664,0.06520888896856324,6.260053340982071,96,False,21.0,66.0,12.0,45.0,True,7,0.0603448275862069,0.08577719630806087,-0.014222803691939137,9.950154771735061,116,0.0
0.2,0.20699360477412446,1.0,0.041,0.0,0.041,0.264,0.61,0.039,39,10,0.2564102564102564,0.3063408423730598,11.947292852549332,39,0.11,98.0,0.098,0.098,0.078,21,0.08360655737704918,0.89,0.0,0.89,0.903,1.5841963704080354e-06,0.11,0.89,0.61,0.039,0.039,0.039,0.11,0.18032786885245902,0.016393442622950824,-0.016393442622950824,0.0,0.018181818181818174,0.903,0.571,0.0010000000000000005,0.11818181818181818,0.08360655737704918,0.055,0.39,0.0,0.429,0.0,0.39,0.6690239809413459,0.39,0.89,0.0,0.0,0.014488422141623119,0.013012608613676794,0.055,0.00010005692563432989,0.39,0.010119382460620236,1000.0,0.429,0.11818181818181818,0.08360655737704918,0.264,1.0323834849630285e-05,0.119,5,5.0,0.39,0.669023980941346,0.49,0.39,390,1000,0.039,ecocsf,0.11,110,0.014488422141623119,0.055,11.396349370543163,-86.60365062945684,40063,41,0.07180385288966724,0.08428253180294495,48.12532565948157,571,False,74.0,98.0,4.0,23.0,True,51,0.08360655737704918,0.09847970247873918,-0.00152029752126083,60.0726185120309,610,0.0
0.2,0.21220596211840723,1.0,0.059,0.027,0.032,0.172,0.703,0.155,155,11,0.07096774193548387,0.09641998841189853,14.945098203844271,155,0.158,159.0,0.159,0.159,0.035,22,0.07681365576102418,0.842,0.045,0.842,0.852,7.428959343535412e-06,0.158,0.842,0.703,0.155,0.155,0.155,0.158,0.22475106685633,0.023186344238975823,-0.023186344238975823,0.0,0.0,0.852,0.548,0.0010000000000000005,0.06329113924050633,0.07681365576102418,0.049,0.297,0.0,0.452,0.0,0.297,0.9334355066656432,0.297,0.842,0.0,0.0,0.008690705502102712,0.013275832932511585,0.049,9.014074923601692e-05,0.297,0.0058886294064439595,1000.0,0.452,0.06329113924050633,0.07681365576102418,0.172,1.2272995694545662e-05,0.04,2,2.0,0.297,0.9334355066656435,0.673,0.29700000000000004,297,1000,0.155,ecocsf,0.158,158,0.008690705502102712,0.049,5.578745387019309,-153.4212546129807,40064,43,0.07846715328467153,0.09940614350692259,54.47456664179358,548,False,0.0,159.0,35.0,158.0,True,54,0.07681365576102418,0.09874774515737961,-0.0012522548426203983,69.41966484563787,703,0.0
0.2,0.18927418188902642,1.0,0.016,0.007,0.009,0.168,0.81,0.047,47,4,0.0851063829787234,0.12229599034014084,5.74791154598662,47,0.028,99.0,0.099,0.099,0.054,23,0.10493827160493827,0.972,0.0,0.972,0.972,3.2874030262271584e-06,0.028,0.972,0.81,0.047,0.047,0.047,0.028,0.0345679012345679,0.00493827160493826,0.00493827160493826,0.00493827160493826,0.0,0.972,0.763,0.0010000000000000005,0.0,0.10493827160493827,0.094,0.19,0.0,0.237,0.0,0.19,0.40403854794365374,0.19,0.972,0.0,0.0,0.025807829769745157,0.018510497080791978,0.094,9.583172757699968e-05,0.19,0.010477573645959372,1000.0,0.237,0.0,0.10493827160493827,0.168,2.6500670322599646e-07,0.056,10,10.0,0.19,0.4040385479436537,0.248,0.18999999999999995,190,1000,0.047,ecocsf,0.028,28,0.025807829769745157,0.094,20.505870669420577,-78.49412933057943,40065,81,0.10615989515072084,0.11447879587154022,87.34732124998519,763,False,47.0,99.0,7.0,52.0,True,85,0.10493827160493827,0.11493238616786641,0.014932386167866407,93.0952327959718,810,0.0
0.2,0.19748523138449856,1.0,0.146,0.027,0.119,0.229,0.722,0.077,77,21,0.2727272727272727,0.29628374407876495,22.8138482940649,77,0.081,308.0,0.308,0.308,0.075,24,0.09141274238227147,0.919,0.0,0.919,0.931,3.3462177234385774e-06,0.081,0.919,0.722,0.077,0.077,0.077,0.081,0.11218836565096953,0.008587257617728536,-0.008587257617728536,0.0,0.048148148148148134,0.931,0.645,0.0010000000000000005,0.14814814814814814,0.09141274238227147,0.051,0.277,0.0,0.355,0.0,0.278,0.6216007307818099,0.278,0.919,0.0,0.0,0.017893429233763067,0.01433530055373965,0.051,0.00011151878837871706,0.278,0.007107062134710974,1000.0,0.355,0.14814814814814814,0.09141274238227147,0.229,6.463079593195585e-06,0.167,4,4.0,0.278,0.6216007307818099,0.411,0.278,278,1000,0.077,ecocsf,0.081,81,0.017893429233763067,0.051,12.56856559909618,-295.4314344009038,40066,45,0.06976744186046512,0.08314077312114172,53.625798663136415,645,False,14.0,308.0,61.0,291.0,True,66,0.09141274238227147,0.10587208719833975,0.0058720871983397455,76.4396469572013,722,0.0
0.2,0.21371247143724592,1.0,0.073,0.036,0.037,0.109,0.691,0.138,138,11,0.07971014492753623,0.11496745072968749,15.865508200696874,138,0.045,202.0,0.202,0.202,0.039,25,0.085383502170767,0.955,0.006,0.955,0.962,1.0386089149696731e-05,0.045,0.955,0.691,0.138,0.138,0.138,0.045,0.06512301013024602,0.014616497829233008,-0.014616497829233008,0.0,0.05555555555555555,0.962,0.553,0.0010000000000000005,0.15555555555555556,0.085383502170767,0.048,0.309,0.0,0.447,0.0,0.309,0.7342292300359938,0.309,0.955,0.0,0.0,0.006362997838296316,0.015429903092811118,0.048,0.00011257599803787032,0.309,0.005172200969783183,1000.0,0.447,0.15555555555555556,0.085383502170767,0.109,5.151012107408221e-06,0.04,2,2.0,0.309,0.7342292300359934,0.522,0.30900000000000005,309,1000,0.138,ecocsf,0.045,45,0.006362997838296316,0.048,8.083466491098466,-193.91653350890152,40067,48,0.0867992766726944,0.09581117321391641,52.98357878729578,553,False,0.0,202.0,39.0,200.0,True,59,0.085383502170767,0.09963688420838297,-0.000363115791617033,68.84908698799264,691,0.0
0.2,0.2402378800816053,0.0,0.013,0.0,0.013,0.048,0.916,0.067,67,2,0.029850746268656716,0.07045665043007501,4.720595578815026,67,0.581,0.0,0.0,0.0,0.0,26,0.06331877729257641,0.419,0.006,0.419,0.462,2.752158153185139e-06,0.581,0.419,0.916,0.067,0.067,0.067,0.581,0.6342794759825328,0.03668122270742359,-0.03668122270742359,0.0,0.0,0.462,0.849,0.0010000000000000005,0.07401032702237521,0.06331877729257641,0.056,0.084,0.0,0.151,0.0,0.084,1.0186218260564956,0.084,0.419,0.0,0.0,0.006880416773632105,0.00830755066605801,0.056,0.00010734497376536231,0.084,0.0012801642165617755,1000.0,0.151,0.07401032702237521,0.06331877729257641,0.048,5.930202856638396e-05,0.013,0,0.0,0.084,1.0186218260564959,0.919,0.08399999999999996,84,1000,0.067,ecocsf,0.581,581,0.006880416773632105,0.056,0.7371358607831788,0.7371358607831788,40068,56,0.06595995288574794,0.09365368592226418,79.51197934800228,849,False,0.0,0.0,0.0,0.0,True,58,0.06331877729257641,0.09195695952709312,-0.008043040472906882,84.2325749268173,916,1.0
0.2,0.20060262498648285,1.0,0.019,0.002,0.017,0.12,0.885,0.048,48,12,0.25,0.32779501459654287,15.734160700634057,48,0.178,61.0,0.061,0.061,0.041,27,0.0847457627118644,0.822,0.008,0.822,0.835,3.555244099252941e-06,0.178,0.822,0.885,0.048,0.048,0.048,0.178,0.20112994350282487,0.015254237288135603,-0.015254237288135603,0.0,0.0,0.835,0.837,0.0010000000000000005,0.07303370786516854,0.0847457627118644,0.074,0.115,0.0,0.163,0.0,0.115,0.27510153986335445,0.115,0.822,0.0,0.0,0.012484792941542243,0.021170628215690837,0.074,9.950345858115342e-05,0.115,0.007929550898591127,1000.0,0.163,0.07303370786516854,0.0847457627118644,0.12,1.9725567543815504e-05,0.056,11,11.0,0.115,0.27510153986335434,0.173,0.11499999999999999,115,1000,0.048,ecocsf,0.178,178,0.012484792941542243,0.074,22.648465387119522,-38.35153461288048,40069,63,0.07526881720430108,0.08578957746733638,71.80587634016055,837,False,37.0,61.0,4.0,24.0,True,75,0.0847457627118644,0.09891529609129333,-0.0010847039087066718,87.5400370407946,885,0.0
0.2,0.19628744320727418,1.0,0.044,0.002,0.042,0.161,0.813,0.032,32,7,0.21875,0.25093286623708566,8.029851719586741,32,0.112,112.0,0.112,0.112,0.088,28,0.08241082410824108,0.888,0.008,0.888,0.907,1.859955670573202e-06,0.112,0.888,0.813,0.032,0.032,0.032,0.112,0.13776137761377613,0.01758917589175893,-0.01758917589175893,0.0,0.06964285714285715,0.907,0.781,0.0010000000000000005,0.16964285714285715,0.08241082410824108,0.063,0.187,0.0,0.219,0.0,0.187,0.3954407388723644,0.187,0.888,0.0,0.0,0.014614960017659141,0.013446761843446314,0.063,8.813015514512431e-05,0.187,0.009083491235974357,1000.0,0.219,0.16964285714285715,0.08241082410824108,0.161,6.002027198618869e-06,0.128,9,9.0,0.187,0.3954407388723644,0.228,0.18700000000000006,187,1000,0.032,ecocsf,0.112,112,0.014614960017659141,0.063,20.23284970147764,-91.76715029852235,40070,60,0.07682458386683738,0.09314348779596066,72.74506396864527,781,False,78.0,112.0,10.0,33.0,True,67,0.08241082410824108,0.09935413983792374,-0.0006458601620762672,80.774915688232,813,0.0
0.2,0.20648849136457134,1.0,0.044,0.002,0.042,0.078,0.851,0.039,39,3,0.07692307692307693,0.09117160177404508,3.5556924691877585,39,0.141,80.0,0.08,0.08,0.014,29,0.09048178613396005,0.859,0.0,0.859,0.871,2.852345162794508e-06,0.141,0.859,0.851,0.039,0.039,0.039,0.141,0.16568742655699178,0.00951821386603996,-0.00951821386603996,0.0,0.0,0.871,0.812,0.0010000000000000005,0.0851063829787234,0.09048178613396005,0.076,0.149,0.0,0.188,0.0,0.149,0.2958244189701068,0.149,0.859,0.0,0.0,0.01657318894779798,0.012450165045248724,0.076,9.801169301354888e-05,0.149,0.002418153750403396,1000.0,0.188,0.0851063829787234,0.09048178613396005,0.078,1.1750040501747646e-05,0.054,8,8.0,0.149,0.2958244189701068,0.185,0.14900000000000002,149,1000,0.039,ecocsf,0.141,141,0.01657318894779798,0.076,19.82476395607587,-60.17523604392413,40071,74,0.09113300492610837,0.10341113502636003,83.96984164140434,812,False,0.0,80.0,14.0,79.0,True,77,0.09048178613396005,0.10285021634617168,0.0028502163461716773,87.5255341105921,851,0.0
0.2,0.22265035898058652,1.0,0.029,0.01,0.019,0.072,0.839,0.087,87,4,0.04597701149425287,0.07638187171159476,6.645222838908744,87,0.328,80.0,0.08,0.08,0.018,30,0.07628128724672228,0.672,0.027,0.672,0.707,4.145225624352884e-06,0.328,0.672,0.839,0.087,0.087,0.087,0.328,0.3909415971394517,0.02371871275327772,-0.02371871275327772,0.0,0.006707317073170724,0.707,0.752,0.0010000000000000005,0.10670731707317073,0.07628128724672228,0.061,0.161,0.0,0.248,0.0,0.161,0.8080520954995299,0.161,0.672,0.0,0.0,0.006779021387158691,0.012678179353961913,0.061,0.00010366693086794857,0.161,0.003188396320691009,1000.0,0.248,0.10670731707317073,0.07628128724672228,0.072,3.47920738954807e-05,0.027,2,2.0,0.161,0.8080520954995298,0.669,0.16100000000000003,161,1000,0.087,ecocsf,0.328,328,0.006779021387158691,0.061,6.991705932133498,-73.0082940678665,40072,60,0.0797872340425532,0.09465295767633326,71.17902417260261,752,False,0.0,80.0,18.0,79.0,True,64,0.07628128724672228,0.09275833970382759,-0.007241660296172417,77.82424701151135,839,0.0
0.2,0.2074650975862855,1.0,0.03,0.0,0.03,0.078,0.917,0.013,13,5,0.38461538461538464,0.38461538461538464,5.0,13,0.135,50.0,0.05,0.05,0.034,31,0.0861504907306434,0.865,0.003,0.865,0.893,4.318862837203398e-07,0.135,0.865,0.917,0.013,0.013,0.013,0.135,0.14721919302071973,0.013849509269356602,-0.013849509269356602,0.0,0.1074074074074074,0.893,0.904,0.0010000000000000005,0.2074074074074074,0.0861504907306434,0.085,0.083,0.0,0.096,0.0,0.083,0.20787376543263836,0.083,0.865,0.0,0.0,0.018294549868395477,0.010704871655855734,0.085,8.61114317558683e-05,0.083,0.002354596211063662,1000.0,0.096,0.2074074074074074,0.0861504907306434,0.078,1.0550951190558642e-05,0.064,10,10.0,0.083,0.2078737654326384,0.118,0.08299999999999996,83,1000,0.013,ecocsf,0.135,135,0.018294549868395477,0.085,24.49588114894515,-25.50411885105485,40073,74,0.08185840707964602,0.09781685415057022,88.42643615211547,904,False,28.0,50.0,6.0,21.0,True,79,0.0861504907306434,0.10188270027493508,0.0018827002749350757,93.42643615211547,917,0.0
0.2,0.18852111285651804,1.0,0.105,0.032,0.073,0.249,0.732,0.075,75,23,0.30666666666666664,0.3207198891662168,24.053991687466258,75,0.234,287.0,0.287,0.287,0.131,32,0.09562841530054644,0.766,0.0,0.766,0.773,5.505683372193105e-06,0.234,0.766,0.732,0.075,0.075,0.075,0.234,0.319672131147541,0.004371584699453562,-0.004371584699453562,0.0,0.0,0.773,0.657,0.0010000000000000005,0.029914529914529916,0.09562841530054644,0.061,0.268,0.0,0.343,0.0,0.268,0.5814920384142593,0.268,0.766,0.0,0.0,0.02388839102177951,0.026046030886699684,0.061,9.240548390374842e-05,0.268,0.01815225698071253,1000.0,0.343,0.029914529914529916,0.09562841530054644,0.249,1.9028141462407626e-05,0.172,5,5.0,0.268,0.5814920384142592,0.336,0.268,268,1000,0.075,ecocsf,0.234,234,0.02388839102177951,0.061,16.223979606863935,-270.77602039313604,40074,47,0.0715372907153729,0.09366831462177466,61.540082706505956,657,False,82.0,287.0,52.0,210.0,True,70,0.09562841530054644,0.11693179562018065,0.016931795620180642,85.59407439397224,732,0.0
0.2,0.1987834945474667,1.0,0.063,0.0,0.063,0.271,0.53,0.066,66,19,0.2878787878787879,0.3007473408699802,19.849324497418692,66,0.227,136.0,0.136,0.136,0.122,33,0.08867924528301886,0.773,0.004,0.773,0.789,2.9288710867017384e-06,0.227,0.773,0.53,0.066,0.066,0.066,0.227,0.42830188679245285,0.011320754716981143,-0.011320754716981143,0.0,0.0,0.789,0.464,0.0010000000000000005,0.07048458149779736,0.08867924528301886,0.044,0.47,0.0,0.536,0.0,0.47,0.8063902140928023,0.47,0.773,0.0,0.0,0.015907487391608615,0.015359997163487073,0.044,9.716457658883151e-05,0.47,0.014999929374853454,1000.0,0.536,0.07048458149779736,0.08867924528301886,0.271,2.584219572979341e-05,0.185,2,2.0,0.47,0.8063902140928021,0.543,0.47,470,1000,0.066,ecocsf,0.227,227,0.015907487391608615,0.044,7.807259441793271,-128.19274055820674,40075,28,0.0603448275862069,0.07540309047605903,34.98703398089139,464,False,120.0,136.0,2.0,16.0,True,47,0.08867924528301886,0.10346482731756619,0.0034648273175661853,54.83635847831008,530,0.0
0.2,0.1933999104609505,1.0,0.006,0.0,0.006,0.28,0.383,0.128,128,36,0.28125,0.3042612187009852,38.94543599372611,128,0.143,34.0,0.034,0.034,0.034,34,0.16449086161879894,0.857,0.0,0.857,0.867,1.1390871216369629e-05,0.143,0.857,0.383,0.128,0.128,0.128,0.143,0.3733681462140992,0.06449086161879894,0.06449086161879894,0.06449086161879894,0.0,0.867,0.255,0.0010000000000000005,0.06993006993006994,0.16449086161879894,0.031,0.617,0.0,0.745,0.0,0.617,0.8644895634823093,0.617,0.857,0.0,0.0,0.035390373859096796,0.02569352918222359,0.031,0.0001042524918409955,0.617,0.0201566101892227,1000.0,0.745,0.06993006993006994,0.16449086161879894,0.28,1.3444847692177294e-05,0.04,2,2.0,0.617,0.8644895634823095,0.513,0.617,617,1000,0.128,ecocsf,0.143,143,0.035390373859096796,0.031,6.117778421073548,-27.88222157892645,40076,27,0.10588235294117647,0.11425807483035341,29.13580908174012,255,False,34.0,34.0,0.0,0.0,True,63,0.16449086161879894,0.1777578200403818,0.07775782004038179,68.08124507546623,383,0.0
0.2,0.2299841544051141,1.0,0.058,0.026,0.032,0.126,0.872,0.05,50,9,0.18,0.23509696345823605,11.754848172911803,50,0.457,229.0,0.229,0.229,0.076,35,0.06651376146788991,0.543,0.002,0.543,0.571,7.851546118843602e-07,0.457,0.543,0.872,0.05,0.05,0.05,0.457,0.5240825688073395,0.033486238532110094,-0.033486238532110094,0.0,0.0,0.571,0.822,0.0010000000000000005,0.061269146608315096,0.06651376146788991,0.071,0.128,0.0,0.178,0.0,0.128,0.5518496789519061,0.128,0.543,0.0,0.0,0.0053179409672587784,0.007879784227874038,0.071,0.00011084541403824369,0.128,0.003835467704498069,1000.0,0.178,0.061269146608315096,0.06651376146788991,0.126,4.789700619102571e-05,0.082,1,1.0,0.128,0.5518496789519061,0.45,0.128,128,1000,0.05,ecocsf,0.457,457,0.0053179409672587784,0.071,2.5391873351750553,-226.46081266482494,40077,49,0.05961070559610705,0.07852584842607209,64.54824740623125,822,False,36.0,229.0,44.0,202.0,True,58,0.06651376146788991,0.08750354997608151,-0.012496450023918498,76.30309557914308,872,0.0
0.2,0.24300847043549337,0.0,0.005,0.0,0.005,0.037,0.971,0.017,17,1,0.058823529411764705,0.10001249921879878,1.7002124867195791,17,0.707,13.0,0.013,0.013,0.013,36,0.05973223480947477,0.293,0.037,0.293,0.339,4.7318698161240665e-07,0.707,0.293,0.971,0.017,0.017,0.017,0.707,0.7281153450051493,0.04026776519052524,-0.04026776519052524,0.0,0.0,0.339,0.954,0.0010000000000000005,0.06506364922206506,0.05973223480947477,0.06,0.029,0.0,0.046,0.0,0.029,0.9976773238427247,0.029,0.293,0.0,0.0,0.0032672097324379086,0.00540228808894958,0.06,0.00010815334666055243,0.029,0.0008702640141019073,1000.0,0.046,0.06506364922206506,0.05973223480947477,0.037,8.03607119161813e-05,0.018,0,0.0,0.029,0.9976773238427239,0.941,0.029000000000000026,29,1000,0.017,ecocsf,0.707,707,0.0032672097324379086,0.06,0.458742878447741,-12.54125712155226,40078,57,0.059748427672955975,0.08610082204122718,82.14018422733074,954,False,13.0,13.0,0.0,0.0,True,58,0.05973223480947477,0.08634438384557191,-0.01365561615442809,83.84039671405033,971,0.0
0.2,0.19799020977644963,1.0,0.007,0.0,0.007,0.065,0.936,0.01,10,3,0.3,0.3,3.0,10,0.214,46.0,0.046,0.046,0.046,37,0.07692307692307693,0.786,0.001,0.786,0.805,5.601535979992e-07,0.214,0.786,0.936,0.01,0.01,0.01,0.214,0.22863247863247863,0.023076923076923078,-0.023076923076923078,0.0,0.0,0.805,0.926,0.0010000000000000005,0.08878504672897196,0.07692307692307693,0.073,0.064,0.0,0.074,0.0,0.064,0.18815711477492886,0.064,0.786,0.0,0.0,0.01111638858164491,0.012868055060570708,0.073,8.455096581645499e-05,0.064,0.0033919430991222457,1000.0,0.074,0.08878504672897196,0.07692307692307693,0.065,1.95452141501037e-05,0.053,10,10.0,0.064,0.18815711477492877,0.105,0.06399999999999995,64,1000,0.01,ecocsf,0.214,214,0.01111638858164491,0.073,23.018857821321138,-22.981142178678862,40079,69,0.07451403887688984,0.09209129825015512,85.27654217964364,926,False,46.0,46.0,0.0,0.0,True,72,0.07692307692307693,0.09431254506372184,-0.005687454936278161,88.27654217964364,936,0.0
0.2,0.19334842128277452,1.0,0.04,0.004,0.036,0.27,0.659,0.099,99,32,0.32323232323232326,0.34296354321694117,33.95339077847718,99,0.165,79.0,0.079,0.079,0.034,38,0.08801213960546282,0.835,0.046,0.835,0.837,7.242554341644783e-06,0.165,0.835,0.659,0.099,0.099,0.099,0.165,0.2503793626707132,0.011987860394537184,-0.011987860394537184,0.0,0.0,0.837,0.56,0.0010000000000000005,0.012121212121212121,0.08801213960546282,0.044,0.341,0.0,0.44,0.0,0.341,0.6798509557845093,0.341,0.835,0.0,0.0,0.02260476104446372,0.02101530936742386,0.044,0.00010715454568703554,0.341,0.015173584131496625,1000.0,0.44,0.012121212121212121,0.08801213960546282,0.27,1.614822789787166e-05,0.066,4,4.0,0.341,0.6798509557845089,0.411,0.34099999999999997,341,1000,0.099,ecocsf,0.165,165,0.02260476104446372,0.044,11.230271678170823,-67.76972832182918,40080,26,0.04642857142857143,0.07998915108505517,44.79392460763089,560,False,21.0,79.0,13.0,58.0,True,58,0.08801213960546282,0.11949516750547505,0.019495167505475045,78.74731538610806,659,0.0
0.2,0.18185438092652492,1.0,0.136,0.009,0.127,0.396,0.638,0.111,111,53,0.4774774774774775,0.5157944235232899,57.253181011085175,111,0.18,247.0,0.247,0.247,0.096,39,0.1238244514106583,0.82,0.021,0.82,0.825,9.351942681949649e-06,0.18,0.82,0.638,0.111,0.111,0.111,0.18,0.28213166144200624,0.023824451410658296,0.023824451410658296,0.023824451410658296,0.0,0.825,0.527,0.0010000000000000005,0.027777777777777776,0.1238244514106583,0.032,0.362,0.0,0.473,0.0,0.362,0.8325062168551149,0.362,0.82,0.0,0.0,0.03126958585478149,0.028047276375837583,0.032,0.00011131772214901874,0.362,0.023425231619699654,1000.0,0.473,0.027777777777777776,0.1238244514106583,0.396,2.518034265568022e-05,0.214,3,3.0,0.362,0.8325062168551147,0.478,0.362,362,1000,0.111,ecocsf,0.18,180,0.03126958585478149,0.032,8.563983883933382,-238.4360161160666,40081,26,0.04933586337760911,0.057245441225134516,30.16834752564589,527,False,57.0,247.0,39.0,189.0,True,79,0.1238244514106583,0.137024339399265,0.037024339399265,87.42152853673107,638,0.0
0.2,0.19181885887702388,1.0,0.062,0.008,0.054,0.26,0.744,0.051,51,12,0.23529411764705882,0.28132061164066824,14.34735119367408,51,0.115,220.0,0.22,0.22,0.169,40,0.08333333333333333,0.885,0.0,0.885,0.888,1.570915459201355e-06,0.115,0.885,0.744,0.051,0.051,0.051,0.115,0.15456989247311828,0.016666666666666677,-0.016666666666666677,0.0,0.0,0.888,0.693,0.0010000000000000005,0.02608695652173913,0.08333333333333333,0.064,0.256,0.0,0.307,0.0,0.256,0.666049390263415,0.256,0.885,0.0,0.0,0.016470627550458597,0.013849369056990234,0.064,0.00010435245694971615,0.256,0.014213466078080586,1000.0,0.307,0.02608695652173913,0.08333333333333333,0.26,9.821576953459827e-06,0.215,5,5.0,0.256,0.6660493902634153,0.369,0.256,256,1000,0.051,ecocsf,0.115,115,0.016470627550458597,0.064,13.382017897591817,-206.61798210240818,40082,50,0.07215007215007214,0.08815900694947403,61.0941918159855,693,False,153.0,220.0,16.0,66.0,True,62,0.08333333333333333,0.10139992340008008,0.0013999234000800775,75.44154300965958,744,0.0
0.2,0.2206180883477699,1.0,0.035,0.005,0.03,0.042,0.917,0.027,27,6,0.2222222222222222,0.25925925925925924,7.0,27,0.211,29.0,0.029,0.029,0.005,41,0.07415485278080698,0.789,0.037,0.789,0.805,1.1500127735951978e-06,0.211,0.789,0.917,0.027,0.027,0.027,0.211,0.2300981461286805,0.025845147219193024,-0.025845147219193024,0.0,0.0,0.805,0.89,0.0010000000000000005,0.07582938388625593,0.07415485278080698,0.062,0.083,0.0,0.11,0.0,0.083,0.5180897992188799,0.083,0.789,0.0,0.0,0.006851215170259836,0.012029175924645603,0.062,0.00010761032505182298,0.083,0.0015338063023315103,1000.0,0.11,0.07582938388625593,0.07415485278080698,0.042,1.7509641325807582e-05,0.03,5,5.0,0.083,0.5180897992188799,0.448,0.08299999999999996,83,1000,0.027,ecocsf,0.211,211,0.006851215170259836,0.062,13.59650142652553,-15.40349857347447,40083,62,0.0696629213483146,0.08505755948747722,75.70122794385472,890,False,0.0,29.0,5.0,29.0,True,68,0.07415485278080698,0.09018672622012511,-0.009813273779874898,82.70122794385472,917,0.0
0.2,0.18781496214154303,1.0,0.08,0.005,0.075,0.197,0.798,0.041,41,12,0.2926829268292683,0.3150398721728235,12.916634759085763,41,0.25,173.0,0.173,0.173,0.07,42,0.09774436090225563,0.75,0.001,0.75,0.773,3.3663891555842374e-06,0.25,0.75,0.798,0.041,0.041,0.041,0.25,0.3132832080200501,0.002255639097744372,-0.002255639097744372,0.0,0.0,0.773,0.757,0.0010000000000000005,0.092,0.09774436090225563,0.072,0.202,0.0,0.243,0.0,0.202,0.37505528144186673,0.202,0.75,0.0,0.0,0.017211353672999193,0.020787085768621486,0.072,0.00010172892093423348,0.202,0.011129869342868253,1000.0,0.243,0.092,0.09774436090225563,0.197,2.7710774773978864e-05,0.14,9,9.0,0.202,0.3750552814418671,0.237,0.20199999999999996,202,1000,0.041,ecocsf,0.25,250,0.017211353672999193,0.072,21.891729905517902,-151.1082700944821,40084,66,0.08718626155878467,0.0930794029980147,70.46110806949713,757,False,52.0,173.0,18.0,121.0,True,78,0.09774436090225563,0.1044833870032367,0.004483387003236694,83.37774282858288,798,0.0
0.2,0.23459182154539227,1.0,0.026,0.012,0.014,0.063,0.938,0.06,60,12,0.2,0.24300279183870724,14.580167510322434,60,0.497,94.0,0.094,0.094,0.019,43,0.07462686567164178,0.503,0.078,0.503,0.538,4.848322192035008e-06,0.497,0.503,0.938,0.06,0.06,0.06,0.497,0.5298507462686567,0.02537313432835822,-0.02537313432835822,0.0,0.0,0.538,0.878,0.0010000000000000005,0.07042253521126761,0.07462686567164178,0.058,0.062,0.0,0.122,0.0,0.062,0.8873555680522347,0.062,0.503,0.0,0.0,0.004044528883939234,0.011822017981001014,0.058,9.343688176372802e-05,0.062,0.0024171530054418284,1000.0,0.122,0.07042253521126761,0.07462686567164178,0.063,4.720990013849383e-05,0.021,1,1.0,0.062,0.8873555680522338,0.783,0.062000000000000055,62,1000,0.06,ecocsf,0.497,497,0.004044528883939234,0.058,3.4178431014871093,-90.58215689851289,40085,58,0.06605922551252848,0.08099394483559416,71.11268356565168,878,False,0.0,94.0,19.0,94.0,True,70,0.07462686567164178,0.09135698408952464,-0.008643015910475366,85.69285107597412,938,0.0
0.2,0.2099843572469817,1.0,0.039,0.004,0.035,0.147,0.709,0.053,53,4,0.07547169811320754,0.0756995241223863,4.012074778486474,53,0.103,84.0,0.084,0.084,0.046,44,0.07193229901269393,0.897,0.0,0.897,0.907,2.5809800593144285e-06,0.103,0.897,0.709,0.053,0.053,0.053,0.103,0.14527503526093088,0.02806770098730607,-0.02806770098730607,0.0,0.0,0.907,0.656,0.0010000000000000005,0.0970873786407767,0.07193229901269393,0.052,0.291,0.0,0.344,0.0,0.291,0.7060972819497956,0.291,0.897,0.0,0.0,0.005864539189143197,0.012453910033133994,0.052,9.817432730229212e-05,0.291,0.005500845528855652,1000.0,0.344,0.0970873786407767,0.07193229901269393,0.147,6.641898372221083e-06,0.077,4,4.0,0.291,0.7060972819497952,0.565,0.29100000000000004,291,1000,0.053,ecocsf,0.103,103,0.005864539189143197,0.052,10.726603458557168,-73.27339654144284,40086,47,0.07164634146341463,0.08892293364324826,58.33344446997086,656,False,34.0,84.0,12.0,50.0,True,51,0.07193229901269393,0.08793444181728818,-0.012065558182711822,62.34551924845732,709,0.0
0.2,0.18654543099408913,1.0,0.112,0.005,0.107,0.323,0.671,0.04,40,14,0.35,0.36387777478080185,14.555110991232075,40,0.169,152.0,0.152,0.152,0.079,45,0.08643815201192251,0.831,0.0,0.831,0.847,1.5789364955532904e-06,0.169,0.831,0.671,0.04,0.04,0.04,0.169,0.2518628912071535,0.013561847988077497,-0.013561847988077497,0.0,0.0,0.847,0.631,0.0010000000000000005,0.09467455621301775,0.08643815201192251,0.086,0.329,0.0,0.369,0.0,0.329,0.7260886817867831,0.329,0.831,0.0,0.0,0.015345741520918537,0.013538568940409635,0.086,9.737989187427759e-05,0.329,0.01134849180857234,1000.0,0.369,0.09467455621301775,0.08643815201192251,0.323,1.394693478283549e-05,0.181,5,5.0,0.329,0.726088681786783,0.399,0.32899999999999996,329,1000,0.04,ecocsf,0.169,169,0.015345741520918537,0.086,11.388562400758222,-140.61143759924178,40087,44,0.06973058637083994,0.08315303807486439,52.46956702523943,631,False,66.0,152.0,13.0,85.0,True,58,0.08643815201192251,0.09988774667134351,-0.00011225332865649751,67.0246780164715,671,0.0
0.2,0.218603668542934,1.0,0.016,0.0,0.016,0.108,0.891,0.13,130,14,0.1076923076923077,0.1412690172076025,18.364972236988322,130,0.211,17.0,0.017,0.017,0.017,46,0.07968574635241302,0.789,0.041,0.789,0.8,5.233469943861546e-06,0.211,0.789,0.891,0.13,0.13,0.13,0.211,0.23681257014590348,0.02031425364758699,-0.02031425364758699,0.0,0.0,0.8,0.761,0.0010000000000000005,0.052132701421800945,0.07968574635241302,0.064,0.109,0.0,0.239,0.0,0.109,0.8010856557130066,0.109,0.789,0.0,0.0,0.003459690367883583,0.013124890737906451,0.064,0.00010936162741407526,0.109,0.004413267046365145,1000.0,0.239,0.052132701421800945,0.07968574635241302,0.108,2.751541039371333e-05,0.033,3,3.0,0.109,0.8010856557130067,0.632,0.10899999999999999,109,1000,0.13,ecocsf,0.211,211,0.003459690367883583,0.064,7.075725592955725,-9.924274407044276,40088,57,0.07490144546649145,0.08203441271321488,62.42818807475652,761,False,17.0,17.0,0.0,0.0,True,71,0.07968574635241302,0.09067694760016258,-0.009323052399837425,80.79316031174486,891,0.0
0.2,0.1964678653476804,1.0,0.086,0.005,0.081,0.174,0.748,0.098,98,30,0.30612244897959184,0.3342246401210092,32.7540147318589,98,0.067,114.0,0.114,0.114,0.059,47,0.08957219251336898,0.933,0.022,0.933,0.946,3.4817386379066153e-06,0.067,0.933,0.748,0.098,0.098,0.098,0.067,0.08957219251336898,0.010427807486631024,-0.010427807486631024,0.0,0.09402985074626866,0.946,0.65,0.0010000000000000005,0.19402985074626866,0.08957219251336898,0.049,0.252,0.0,0.35,0.0,0.252,0.6458938515171723,0.252,0.933,0.0,0.0,0.01446470864422205,0.013780273227638279,0.049,9.733740205059123e-05,0.252,0.006851477118035369,1000.0,0.35,0.19402985074626866,0.08957219251336898,0.174,7.710117186276495e-06,0.135,4,4.0,0.252,0.6458938515171722,0.411,0.252,252,1000,0.098,ecocsf,0.067,67,0.01446470864422205,0.049,10.655207131188057,-103.34479286881194,40089,37,0.05692307692307692,0.0661422039234914,42.99243255026941,650,False,43.0,114.0,16.0,71.0,True,67,0.08957219251336898,0.10126530385311273,0.0012653038531127286,75.74644728212833,748,0.0
0.2,0.19219286172881392,1.0,0.035,0.0,0.035,0.229,0.396,0.079,79,13,0.16455696202531644,0.20635815494549758,16.30229424069431,79,0.027,0.0,0.0,0.0,0.0,48,0.12121212121212122,0.973,0.0,0.973,0.976,7.477103649342223e-06,0.027,0.973,0.396,0.079,0.079,0.079,0.027,0.06818181818181818,0.02121212121212121,0.02121212121212121,0.02121212121212121,0.0111111111111111,0.976,0.317,0.0010000000000000005,0.1111111111111111,0.12121212121212122,0.035,0.604,0.0,0.683,0.0,0.604,0.8084284449049314,0.604,0.973,0.0,0.0,0.02234846541329292,0.021628548286586138,0.035,9.125227792499083e-05,0.604,0.01396245573342396,1000.0,0.683,0.1111111111111111,0.12121212121212122,0.229,3.813997352738753e-06,0.035,4,4.0,0.604,0.8084284449049307,0.573,0.604,604,1000,0.079,ecocsf,0.027,27,0.02234846541329292,0.035,9.279364422851453,9.279364422851453,40090,35,0.11041009463722397,0.11395354833419734,36.123274821940555,317,False,0.0,0.0,0.0,0.0,True,48,0.12121212121212122,0.13238780066321934,0.032387800663219335,52.425569062634864,396,1.0
0.2,0.19725073050301103,1.0,0.013,0.0,0.013,0.135,0.861,0.023,23,10,0.43478260869565216,0.4418676492668217,10.1629559331369,23,0.171,54.0,0.054,0.054,0.028,49,0.1091753774680604,0.829,0.0,0.829,0.841,1.5268508717471645e-06,0.171,0.829,0.861,0.023,0.023,0.023,0.171,0.1986062717770035,0.009175377468060394,0.009175377468060394,0.009175377468060394,0.0,0.841,0.838,0.0010000000000000005,0.07017543859649122,0.1091753774680604,0.1,0.139,0.0,0.162,0.0,0.139,0.23680006885040092,0.139,0.829,0.0,0.0,0.03344547430978932,0.02410530548636587,0.1,0.0001048354375771562,0.139,0.009605476667039065,1000.0,0.162,0.07017543859649122,0.1091753774680604,0.135,1.466172147737976e-05,0.041,10,10.0,0.139,0.236800068850401,0.157,0.139,139,1000,0.023,ecocsf,0.171,171,0.03344547430978932,0.1,21.929502467893847,-32.07049753210615,40091,84,0.10023866348448687,0.11206368645393693,93.90936924839914,838,False,24.0,54.0,4.0,30.0,True,94,0.1091753774680604,0.12087378069864815,0.020873780698648148,104.07232518153606,861,0.0
